{
  "n_avgs": [
    1,
    2,
    3,
    4,
    5
  ],
  "means": [
    4.4563492063492065,
    5.2063492063492065,
    5.492063492063492,
    5.694444444444443,
    5.476190476190477
  ],
  "sems": [
    0.5273634561700291,
    0.704130165334173,
    0.9134211210766079,
    1.0708748324120525,
    1.197823134402936
  ],
  "slope_pp_per_clip": 0.252777777777778,
  "r": 0.08476760100871582,
  "p_trend": 0.38992100814806585,
  "n1_mean": 4.4563492063492065,
  "n5_mean": 5.476190476190477,
  "gain_pp": 1.0198412698412707,
  "t_gain": 1.24366211426161,
  "p_gain": 0.2280045630622616,
  "per_n_r1": {
    "1": [
      0.10083333333333333,
      0.03333333333333333,
      0.0325,
      0.03583333333333334,
      0.0525,
      0.042499999999999996,
      0.03416666666666667,
      0.030833333333333338,
      0.030000000000000006,
      0.05,
      0.02416666666666667,
      0.11916666666666667,
      0.059166666666666666,
      0.045833333333333344,
      0.027500000000000007,
      0.025000000000000005,
      0.0575,
      0.02166666666666667,
      0.029166666666666674,
      0.055,
      0.029166666666666674
    ],
    "2": [
      0.11833333333333335,
      0.023333333333333338,
      0.030000000000000006,
      0.01916666666666667,
      0.06833333333333334,
      0.05333333333333334,
      0.0325,
      0.03083333333333334,
      0.06416666666666666,
      0.06083333333333333,
      0.027500000000000007,
      0.14333333333333328,
      0.08000000000000002,
      0.030000000000000002,
      0.03916666666666667,
      0.025833333333333337,
      0.05916666666666667,
      0.04583333333333332,
      0.028333333333333342,
      0.08833333333333333,
      0.025000000000000005
    ],
    "3": [
      0.14666666666666667,
      0.011666666666666669,
      0.020000000000000004,
      0.014166666666666668,
      0.07166666666666668,
      0.03000000000000001,
      0.020833333333333336,
      0.025833333333333337,
      0.05833333333333334,
      0.07083333333333333,
      0.03166666666666667,
      0.17916666666666664,
      0.06916666666666665,
      0.05333333333333333,
      0.026666666666666672,
      0.030833333333333338,
      0.060000000000000005,
      0.035,
      0.04749999999999999,
      0.10333333333333335,
      0.04666666666666667
    ],
    "4": [
      0.13166666666666665,
      0.009166666666666667,
      0.015000000000000005,
      0.006666666666666667,
      0.07666666666666667,
      0.012500000000000002,
      0.035833333333333335,
      0.018333333333333333,
      0.06166666666666666,
      0.07666666666666666,
      0.03000000000000001,
      0.21499999999999997,
      0.07083333333333335,
      0.07166666666666667,
      0.023333333333333338,
      0.03583333333333334,
      0.06166666666666667,
      0.04,
      0.03666666666666667,
      0.1275,
      0.03916666666666667
    ],
    "5": [
      0.15000000000000002,
      0.0,
      0.02500000000000001,
      0.0,
      0.07500000000000001,
      0.0,
      0.0,
      0.0,
      0.07500000000000001,
      0.10000000000000003,
      0.0,
      0.20000000000000007,
      0.07500000000000001,
      0.07500000000000001,
      0.02500000000000001,
      0.0,
      0.07500000000000001,
      0.02500000000000001,
      0.07500000000000001,
      0.125,
      0.05000000000000002
    ]
  }
}