{
  "n_values": [
    2,
    4,
    6,
    8,
    10,
    15,
    20
  ],
  "results": {
    "2": {
      "mean": 0.027857142855368913,
      "std": 0.0023328474848835225,
      "runs": [
        0.024999999840344702,
        0.027857142899717604,
        0.030714285826044425
      ]
    },
    "4": {
      "mean": 0.025714285627362277,
      "std": 0.003247186318901238,
      "runs": [
        0.026428571370031153,
        0.021428571082651615,
        0.029285714429404055
      ]
    },
    "6": {
      "mean": 0.03166666689018408,
      "std": 0.0035154342807478547,
      "runs": [
        0.03214285775486912,
        0.027142856935305253,
        0.03571428598037788
      ]
    },
    "8": {
      "mean": 0.026190476181606453,
      "std": 0.004856209091179739,
      "runs": [
        0.03285714292100498,
        0.024285714142024517,
        0.021428571481789862
      ]
    },
    "10": {
      "mean": 0.028809523742113794,
      "std": 0.003563483276228497,
      "runs": [
        0.02499999970729862,
        0.027857143032763685,
        0.03357142848627908
      ]
    },
    "15": {
      "mean": 0.025476190217194102,
      "std": 0.002208004402159139,
      "runs": [
        0.02428571387593235,
        0.023571428443704332,
        0.028571428331945623
      ]
    },
    "20": {
      "mean": 0.029047619019235884,
      "std": 0.004891104462281189,
      "runs": [
        0.022142857047063962,
        0.03285714265491281,
        0.03214285735573087
      ]
    }
  },
  "test_sub": "sub10",
  "n_seeds": 3
}