{
  "concept_consistency": [
    0.02021951600909233,
    0.010458137840032578,
    0.013904673978686333,
    -0.0015736650675535202,
    0.02129255048930645,
    0.018569273874163628,
    0.0032694824039936066,
    0.01002509705722332,
    0.02218721993267536,
    0.00023143440193962306,
    0.006206864025443792,
    0.0038773142732679844,
    0.008014791645109653,
    0.017917463555932045,
    0.021171558648347855,
    0.01415441557765007,
    0.020517760887742043,
    0.02307596616446972,
    0.03605533763766289,
    0.013152318075299263,
    0.02685166336596012,
    0.031109124422073364,
    0.012968834489583969,
    0.018789535388350487,
    0.010918558575212955,
    0.02768452651798725,
    0.0012081898748874664,
    0.021527975797653198,
    0.0076756952330470085,
    0.010904515162110329,
    0.0025842394679784775,
    0.004027093760669231,
    0.007063792087137699,
    0.017484033480286598,
    0.0013403696939349174,
    0.0037759486585855484,
    0.0022405306808650494,
    -0.0019025701330974698,
    0.004002375062555075,
    0.020538577809929848
  ],
  "concept_names": [
    "cat",
    "husky",
    "elephant",
    "horses",
    "panda",
    "rabbit",
    "bird",
    "fish",
    "jellyfish",
    "whale",
    "turtle",
    "flowers",
    "mushrooms",
    "forest",
    "boxing",
    "dancing",
    "running",
    "skiing",
    "computer",
    "construction",
    "crowd",
    "beach",
    "city",
    "mountain",
    "road",
    "waterfall",
    "fireworks",
    "banana",
    "cheesecake",
    "drink",
    "pizza",
    "watermelon",
    "drums",
    "guitar",
    "piano",
    "motorcycle",
    "car",
    "balloon",
    "airplane",
    "boat"
  ],
  "spearman_rho": 0.2733117826261339,
  "spearman_p": 0.08792931127817573,
  "pearson_r": 0.3764525535040971,
  "pearson_p": 0.016656003590419688,
  "activity_consistency": 0.017112839139170118,
  "passive_consistency": 0.011596934469473068,
  "t_act_vs_pas": 1.5391144553531977,
  "p_act_vs_pas": 0.13206288995020218
}