{
  "alpha_0.00": {
    "alpha": 0.0,
    "mean_r1": 0.04455782307730037,
    "std_r1": 0.02756869313348398,
    "per_sub_r1": [
      0.11285714272941862,
      0.022857142745384147,
      0.045714285756860464,
      0.03214285748877695,
      0.03785714227706194,
      0.029999999994678155,
      0.03571428584733179,
      0.03857142903975078,
      0.03500000014901161,
      0.049999999946781566,
      0.04214285686612129,
      0.13999999846730912,
      0.04285714269748756,
      0.03071428569299834,
      0.02857142859803779,
      0.03000000012772424,
      0.03928571433893272,
      0.040000000170298984,
      0.03571428571428571,
      0.03285714332014322,
      0.03285714265491281
    ]
  },
  "alpha_0.25": {
    "alpha": 0.25,
    "mean_r1": 0.044115646286126305,
    "std_r1": 0.027821715616650665,
    "per_sub_r1": [
      0.11285714272941862,
      0.024285714408116683,
      0.029285714296357974,
      0.03428571378546102,
      0.04642857238650322,
      0.03357142822018692,
      0.04142857103475502,
      0.0400000000372529,
      0.03357142808714083,
      0.043571428528853824,
      0.044285714360220094,
      0.1407142866935049,
      0.03428571431764534,
      0.027142857068351338,
      0.0271428573344435,
      0.02857142859803779,
      0.043571428794945986,
      0.03642857154565198,
      0.03428571405155318,
      0.03785714294229235,
      0.03285714278795889
    ]
  },
  "alpha_0.50": {
    "alpha": 0.5,
    "mean_r1": 0.044217687214211536,
    "std_r1": 0.02772724404194992,
    "per_sub_r1": [
      0.11928571547780718,
      0.03142857165741069,
      0.03714285711092608,
      0.03571428571428571,
      0.04499999939330986,
      0.03499999988291945,
      0.042142857132213454,
      0.03142857152436461,
      0.03142857165741069,
      0.04857142908232553,
      0.05285714327224663,
      0.13428571607385362,
      0.03357142822018692,
      0.03214285762182304,
      0.024999999574252536,
      0.030714285426906178,
      0.03071428569299834,
      0.03499999974987337,
      0.03285714265491281,
      0.039285714605024884,
      0.024999999973390783
    ]
  },
  "alpha_0.75": {
    "alpha": 0.75,
    "mean_r1": 0.042755101921454985,
    "std_r1": 0.02946088773831688,
    "per_sub_r1": [
      0.11142857266323906,
      0.017857142591050694,
      0.03999999897288425,
      0.03214285708963871,
      0.03285714292100498,
      0.02357142831065825,
      0.045000000457678525,
      0.03285714225577457,
      0.03357142861932516,
      0.049285713849323134,
      0.05000000021287373,
      0.1457142840538706,
      0.03428571458373751,
      0.027142857068351338,
      0.022142857047063962,
      0.03285714292100498,
      0.03071428569299834,
      0.03571428544819355,
      0.03642857154565198,
      0.03999999990420682,
      0.024285714142024517
    ]
  },
  "alpha_1.00": {
    "alpha": 1.0,
    "mean_r1": 0.04238095233330921,
    "std_r1": 0.027154789535507276,
    "per_sub_r1": [
      0.10071428439446858,
      0.029999999595539912,
      0.04428571515849659,
      0.03142857152436461,
      0.044285714094127925,
      0.028571428198899542,
      0.03785714241010802,
      0.030714285160814012,
      0.03428571405155318,
      0.045714285490768294,
      0.041428571699985435,
      0.14214285995279038,
      0.03214285748877695,
      0.027857142766671523,
      0.03285714265491281,
      0.02714285666921309,
      0.027142856935305253,
      0.04357142826276166,
      0.027142856935305253,
      0.03428571418459926,
      0.026428571370031153
    ]
  }
}