{
  "image_mean": 0.042142857142857156,
  "image_std": 0.023531712572582547,
  "text_mean": 0.04404761904761906,
  "text_std": 0.022393613440052373,
  "both_mean": 0.04571428571428572,
  "both_std": 0.024557304910958696,
  "t_image_vs_text": -0.4889515209500551,
  "p_image_vs_text": 0.6301949325285381,
  "t_both_vs_image": 1.8548226256106164,
  "p_both_vs_image": 0.07842480710593128,
  "t_both_vs_text": 0.5291502622129182,
  "p_both_vs_text": 0.6025254708120205,
  "image_advantage_activity": -0.008465608465608466,
  "image_advantage_passive": 1.3430117233368829e-18,
  "t_advantage_act_vs_pas": -0.5654934393930727,
  "p_advantage_act_vs_pas": 0.5750622143169632,
  "cross_modal_sim_activity": 0.32877030968666077,
  "cross_modal_sim_passive": 0.32658833265304565,
  "image_conc_r1": [
    0.0380952380952381,
    0.05714285714285715,
    0.028571428571428574,
    0.0380952380952381,
    0.028571428571428574,
    0.009523809523809525,
    0.0,
    0.047619047619047616,
    0.01904761904761905,
    0.09523809523809523,
    0.047619047619047616,
    0.009523809523809525,
    0.028571428571428574,
    0.047619047619047616,
    0.047619047619047616,
    0.01904761904761905,
    0.047619047619047616,
    0.047619047619047616,
    0.07619047619047618,
    0.028571428571428574,
    0.047619047619047616,
    0.028571428571428574,
    0.12380952380952381,
    0.0761904761904762,
    0.05714285714285714,
    0.01904761904761905,
    0.01904761904761905,
    0.01904761904761905,
    0.05714285714285714,
    0.028571428571428574,
    0.028571428571428574,
    0.01904761904761905,
    0.0761904761904762,
    0.028571428571428574,
    0.05714285714285714,
    0.028571428571428574,
    0.047619047619047616,
    0.0380952380952381,
    0.09523809523809523,
    0.028571428571428574
  ],
  "text_conc_r1": [
    0.05714285714285714,
    0.05714285714285714,
    0.047619047619047616,
    0.009523809523809525,
    0.01904761904761905,
    0.009523809523809525,
    0.009523809523809525,
    0.047619047619047616,
    0.06666666666666667,
    0.01904761904761905,
    0.01904761904761905,
    0.047619047619047616,
    0.05714285714285714,
    0.0761904761904762,
    0.01904761904761905,
    0.0380952380952381,
    0.047619047619047616,
    0.07619047619047618,
    0.047619047619047616,
    0.05714285714285714,
    0.0761904761904762,
    0.05714285714285714,
    0.01904761904761905,
    0.0380952380952381,
    0.05714285714285714,
    0.05714285714285714,
    0.047619047619047616,
    0.047619047619047616,
    0.01904761904761905,
    0.01904761904761905,
    0.009523809523809525,
    0.10476190476190476,
    0.05714285714285714,
    0.10476190476190476,
    0.05714285714285714,
    0.05714285714285714,
    0.01904761904761905,
    0.06666666666666668,
    0.009523809523809525,
    0.009523809523809525
  ],
  "both_conc_r1": [
    0.047619047619047616,
    0.06666666666666668,
    0.028571428571428574,
    0.02857142857142857,
    0.0380952380952381,
    0.009523809523809525,
    0.009523809523809525,
    0.05714285714285714,
    0.0380952380952381,
    0.06666666666666668,
    0.028571428571428574,
    0.01904761904761905,
    0.047619047619047616,
    0.0761904761904762,
    0.0380952380952381,
    0.01904761904761905,
    0.05714285714285714,
    0.06666666666666668,
    0.07619047619047618,
    0.0380952380952381,
    0.0761904761904762,
    0.028571428571428574,
    0.05714285714285715,
    0.047619047619047616,
    0.05714285714285714,
    0.0380952380952381,
    0.028571428571428574,
    0.0380952380952381,
    0.028571428571428574,
    0.047619047619047616,
    0.01904761904761905,
    0.05714285714285715,
    0.047619047619047616,
    0.08571428571428572,
    0.05714285714285714,
    0.06666666666666667,
    0.0380952380952381,
    0.06666666666666667,
    0.06666666666666667,
    0.01904761904761905
  ],
  "concept_names": [
    "cat",
    "husky",
    "elephant",
    "horses",
    "panda",
    "rabbit",
    "bird",
    "fish",
    "jellyfish",
    "whale",
    "turtle",
    "flowers",
    "mushrooms",
    "forest",
    "boxing",
    "dancing",
    "running",
    "skiing",
    "computer",
    "construction",
    "crowd",
    "beach",
    "city",
    "mountain",
    "road",
    "waterfall",
    "fireworks",
    "banana",
    "cheesecake",
    "drink",
    "pizza",
    "watermelon",
    "drums",
    "guitar",
    "piano",
    "motorcycle",
    "car",
    "balloon",
    "airplane",
    "boat"
  ]
}