{
  "early_mean": 0.0386734693877551,
  "early_std": 0.024447525878669753,
  "late_mean": 0.04034013605442176,
  "late_std": 0.022264444594051438,
  "t": 1.211224945360469,
  "p": 0.23992729287732256,
  "early_per_sub": [
    0.08714285714285716,
    0.025714285714285714,
    0.04142857142857143,
    0.027857142857142858,
    0.03214285714285715,
    0.021428571428571432,
    0.034999999999999996,
    0.020714285714285716,
    0.03142857142857143,
    0.03785714285714286,
    0.03785714285714286,
    0.12928571428571428,
    0.028571428571428574,
    0.02428571428571429,
    0.025,
    0.026428571428571433,
    0.047142857142857146,
    0.03571428571428571,
    0.039999999999999994,
    0.032857142857142856,
    0.024285714285714282
  ],
  "late_per_sub": [
    0.09142857142857143,
    0.03,
    0.04214285714285714,
    0.027857142857142855,
    0.04214285714285714,
    0.03571428571428571,
    0.04142857142857143,
    0.025714285714285717,
    0.03,
    0.04,
    0.038571428571428576,
    0.11928571428571429,
    0.034999999999999996,
    0.028571428571428574,
    0.03214285714285714,
    0.02,
    0.03785714285714286,
    0.028571428571428574,
    0.037142857142857144,
    0.032857142857142856,
    0.030714285714285715
  ]
}