{
  "per_subject_r1": [
    0.028571428331945623,
    0.03142857139131853,
    0.025714286203895296,
    0.024999999840344702,
    0.028571428464991704,
    0.022142857047063962,
    0.027142857068351338,
    0.03142857152436461,
    0.02571428580475705,
    0.029999999861632074,
    0.026428571370031153,
    0.03285714318709714,
    0.027857142899717604,
    0.040000000170298984,
    0.03214285722268479,
    0.03285714238882065,
    0.03571428571428571,
    0.027142856802259172,
    0.02857142806585346,
    0.02857142859803779,
    0.029999999595539912
  ],
  "mean_r1": 0.02942176864539482,
  "std_r1": 0.0038787443255579347,
  "note": "final-epoch checkpoint only \u2014 no test-set model selection"
}