{
  "CLIP-Both": {
    "rho": -0.02734076207832739,
    "p_emp": 0.7056471764117941,
    "null_std": 0.04669595032996172,
    "sig": "n.s.",
    "per_sub_rhos": [
      -0.004426573805879163,
      0.001692715066668673,
      -0.1006578046517297,
      -0.024461351084504646,
      -0.029767484319184766,
      -0.014130858203251485,
      -0.12016281825173687,
      0.043401376146499,
      0.03224445192660131,
      0.008249292879280766,
      0.04571655721378191,
      -0.06327034624418414,
      0.0482596251675425,
      -0.00815221589779076,
      0.08010360609756731,
      -0.0070508131872466795,
      -0.03184868432115716,
      -0.014797500678641181,
      -0.027619349498248052,
      0.007201043545942206,
      0.04219419770957496
    ],
    "mean_sub_rho": -0.0065372825900045705,
    "std_sub_rho": 0.04738640881188671,
    "t_vs_zero": -0.6169620625781325,
    "p_vs_zero": 0.5442200680573255
  },
  "CLIP-Text": {
    "rho": -0.0158564211466994,
    "p_emp": 0.6286856571714143,
    "null_std": 0.04754031354112746,
    "sig": "n.s.",
    "per_sub_rhos": [
      -0.01246537728846214,
      -0.06757248248144848,
      -0.11672734504823315,
      -0.007026537620111903,
      -0.016739015021392214,
      0.051089650554475445,
      -0.11635350131435761,
      0.03908161483601286,
      0.044414754639130416,
      0.028762880432590607,
      0.05986334625796558,
      -0.056497007846697776,
      0.05507147574080623,
      -0.013967605014270114,
      0.10364630397536434,
      -0.011310897061859834,
      -0.02435547420992828,
      -0.016591389228753854,
      -0.03033234642195209,
      0.04447625274253852,
      0.019484606951384514
    ],
    "mean_sub_rho": -0.0020975282108189977,
    "std_sub_rho": 0.05523965002715727,
    "t_vs_zero": -0.16981337361148938,
    "p_vs_zero": 0.8668628479204314
  },
  "CLIP-Image": {
    "rho": -0.021892009886730457,
    "p_emp": 0.6681659170414792,
    "null_std": 0.04629521175224296,
    "sig": "n.s.",
    "per_sub_rhos": [
      0.002100974474367593,
      0.06314262135918648,
      -0.04771499270405416,
      -0.02137382767659938,
      -0.02288402082287345,
      -0.07293920348576914,
      -0.1075473623268738,
      0.034759577691107824,
      0.002035430443103697,
      0.010916469670017918,
      0.0356309441160008,
      -0.05612837324493656,
      0.0590041429036891,
      -0.014400696304183983,
      0.09405841586499347,
      0.010228156193550615,
      -0.025368726267314203,
      -0.00761461323395186,
      -0.03595014253677401,
      -0.01705308017119838,
      0.018295483467516954
    ],
    "mean_sub_rho": -0.00470489631385688,
    "std_sub_rho": 0.04612705950920148,
    "t_vs_zero": -0.4561516860953833,
    "p_vs_zero": 0.6531954590746943
  },
  "Category": {
    "rho": 0.10644330149745765,
    "p_emp": 0.0074962518740629685,
    "null_std": 0.038380894312623516,
    "sig": "**",
    "per_sub_rhos": [
      0.09094275540191456,
      -0.018832993915865008,
      0.06731883777489973,
      -0.02329321669828058,
      -0.037437041034914006,
      0.10629067029958031,
      0.016950542475377826,
      0.03307857238441666,
      -0.04696801139125451,
      0.05856798242993228,
      0.07084631434806489,
      0.18594719656956496,
      -0.014864582771054192,
      0.04632356855577242,
      0.05638026859369042,
      0.08120827678173759,
      -0.01839205934421936,
      0.03920077932149659,
      0.06842117420401383,
      0.04932531544736009,
      0.01588212409023645
    ],
    "mean_sub_rho": 0.03937602254868909,
    "std_sub_rho": 0.05426315454530786,
    "t_vs_zero": 3.24520252610514,
    "p_vs_zero": 0.004054928968102998
  }
}