{
  "feature": "de",
  "chunks": 1,
  "epochs": 150,
  "temperature": 0.07,
  "per_subject": {
    "concept_r1": [
      0.09785714213337217,
      0.028571428464991704,
      0.04071428520338876,
      0.040714285602527,
      0.04142857130084719,
      0.03142857139131853,
      0.05214285797306469,
      0.03499999961682728,
      0.03428571378546102,
      0.049999999946781566,
      0.05357142883752074,
      0.14785714341061457,
      0.03142857152436461,
      0.03142857099218028,
      0.03500000014901161,
      0.027857142367533276,
      0.03857142797538212,
      0.03571428584733179,
      0.03571428531514747,
      0.03857142850756645,
      0.03785714241010802
    ],
    "concept_r5": [
      0.2957142804350172,
      0.12071428447961807,
      0.17357142908232553,
      0.15642857338700975,
      0.1878571425165449,
      0.12928571445601328,
      0.19785714149475098,
      0.14214285675968444,
      0.14857142844370433,
      0.1899999976158142,
      0.19214285697255815,
      0.3407142886093685,
      0.1771428563765117,
      0.139285714498588,
      0.15000000170298985,
      0.13571428614003317,
      0.15642857338700975,
      0.1621428600379399,
      0.15928571564810617,
      0.16357142797538213,
      0.14928571347679412
    ],
    "concept_r10": [
      0.4642857185431889,
      0.2664285727909633,
      0.3121428574834551,
      0.29071428520338877,
      0.3257142858845847,
      0.27285714021750856,
      0.3414285736424582,
      0.2892857151372092,
      0.29214286378451754,
      0.3449999988079071,
      0.3414285736424582,
      0.4842857079846518,
      0.3135714318071093,
      0.26285714336803984,
      0.2857142835855484,
      0.2635714326586042,
      0.29999999914850506,
      0.30785714089870453,
      0.3071428622518267,
      0.3028571477958134,
      0.26785714072840555
    ],
    "clip_r1": [
      0.10642857104539871,
      0.024999999973390783,
      0.038571428773658614,
      0.04071428546948092,
      0.03857142837452037,
      0.029999999994678155,
      0.04499999939330986,
      0.03214285669050047,
      0.03357142848627908,
      0.044285714094127925,
      0.05285714327224663,
      0.14571428724697658,
      0.03642857167869806,
      0.027857142633625438,
      0.029285714296357974,
      0.02499999970729862,
      0.035714286246470044,
      0.03428571405155318,
      0.03642857154565198,
      0.03714285657874176,
      0.03428571458373751
    ],
    "clip_r5": [
      0.17928571573325566,
      0.063571428081819,
      0.10642857210976737,
      0.08214285650423594,
      0.09428571483918599,
      0.07000000029802322,
      0.10214285658938545,
      0.0757142858845847,
      0.08000000140496663,
      0.10857143040214266,
      0.10285714268684387,
      0.22214285603591374,
      0.08928571535008294,
      0.07142857196075576,
      0.07357142865657806,
      0.08000000034059797,
      0.09357142874172755,
      0.08428571532879557,
      0.08357142976352147,
      0.09142857098153659,
      0.08785714475171906
    ],
    "clip_r10": [
      0.2571428545883724,
      0.11285714166504997,
      0.16000000068119594,
      0.1407142856291362,
      0.16000000068119594,
      0.11642857215234212,
      0.1807142836706979,
      0.13428571288074767,
      0.1299999984247344,
      0.16999999859503337,
      0.16285714507102966,
      0.29714285901614595,
      0.15142857283353806,
      0.12428571390254158,
      0.13428571288074767,
      0.13285714281456812,
      0.13714285833495005,
      0.1485714316368103,
      0.14285714392151153,
      0.15714285842009953,
      0.13714285620621272
    ]
  },
  "mean_concept_r1": 0.045986394416921,
  "mean_concept_r5": 0.17465986397598876,
  "mean_concept_r10": 0.31605442263642136,
  "mean_clip_r1": 0.04425170067317631,
  "mean_clip_r5": 0.09724489840216377,
  "mean_clip_r10": 0.1565646259050791,
  "std_concept_r1": 0.02698258834519279,
  "std_concept_r5": 0.05136079169297264,
  "std_concept_r10": 0.056979621354975446,
  "std_clip_r1": 0.02799197830392471,
  "std_clip_r5": 0.03622041740598822,
  "std_clip_r10": 0.042991071429732755
}