{
  "both": {
    "rhos": [
      0.09094275540191456,
      -0.018832993915865008,
      0.06731883777489973,
      -0.02329321669828058,
      -0.037437041034914006,
      0.10629067029958031,
      0.016950542475377826,
      0.03307857238441666,
      -0.04696801139125451,
      0.05856798242993228,
      0.07084631434806489,
      0.18594719656956496,
      -0.014864582771054192,
      0.04632356855577242,
      0.05638026859369042,
      0.08120827678173759,
      -0.01839205934421936,
      0.03920077932149659,
      0.06842117420401383,
      0.04932531544736009,
      0.01588212409023645
    ],
    "mean": 0.03937602254868909,
    "std": 0.05426315454530786,
    "sem": 0.011841191102426683,
    "t": 3.24520252610514,
    "p_ttest": 0.004054928968102998,
    "p_perm": 0.9445,
    "n": 21
  },
  "image": {
    "rhos": [
      0.035808974924222386,
      -0.01856164956408307,
      0.0025014557429897245,
      0.00996342541699297,
      -0.01167628663761644,
      0.07252525752471564,
      -0.023920700511776312,
      0.0034172429302537586,
      0.0070464736353371546,
      0.06647088667558117,
      0.01401663167173564,
      0.11102223743377783,
      0.04055750108040627,
      -0.04452591222521709,
      0.054701325417039696,
      0.07413636461342088,
      -0.017442354112982585,
      0.0006868403904480259,
      0.026125373370004545,
      -0.04747678205084564,
      0.08091997340796928
    ],
    "mean": 0.020776013292017805,
    "std": 0.04228229452811935,
    "sem": 0.009226753106263051,
    "t": 2.197448295597846,
    "p_ttest": 0.039935650419963595,
    "p_perm": 0.176,
    "n": 21
  },
  "comparison": {
    "t": 1.7868133981473502,
    "p": 0.08913560089322323
  }
}