{
  "auc": 0.517828655373811,
  "r": 0.010663947960102699,
  "p": 0.06748048037327561,
  "quartile_accs": [
    0.023401360544217688,
    0.0254421768707483,
    0.026938775510204082,
    0.026530612244897958
  ],
  "n_total": 29400,
  "mean_conf_correct": 0.19112559767173248,
  "mean_conf_wrong": 0.18570093666091422
}