{
  "valid_subjects": [
    "sub1",
    "sub10",
    "sub11",
    "sub12",
    "sub13",
    "sub14",
    "sub15",
    "sub16",
    "sub17",
    "sub18",
    "sub19",
    "sub1_session2",
    "sub2",
    "sub20",
    "sub3",
    "sub4",
    "sub5",
    "sub6",
    "sub7",
    "sub8",
    "sub9"
  ],
  "mean_inter_rsa": 0.07035139262733325,
  "std_inter_rsa": 0.06785221068159056,
  "t_vs_zero": 14.989316850585658,
  "p_vs_zero": 5.667361311024639e-35,
  "pair_rhos": [
    0.05587135567789711,
    -0.021288711469333067,
    0.03472789301858712,
    0.03746812409417049,
    0.030513022387762483,
    0.05735691923834903,
    -0.030665756164318783,
    0.030169826557394582,
    0.04781277772291893,
    -0.01200037374258568,
    0.10113522413871362,
    0.014865421692520355,
    0.056733745200360036,
    -0.0014502628399100945,
    0.031600997675235144,
    0.046922016131367233,
    0.11466354253604069,
    0.05318976526917368,
    0.04902309175393122,
    -0.01771552499643769,
    0.1340016363249472,
    0.07704592140759854,
    0.13841387237398736,
    0.014966392879571569,
    0.16242883118075221,
    0.09728615596015115,
    0.03380372723517601,
    0.17870908855739534,
    0.024085079793915606,
    0.05353781621296854,
    0.11715826165192454,
    -0.00810738195973872,
    0.04346502364908049,
    0.11259731246713475,
    0.18228902667240013,
    0.10438587430035477,
    0.06616980986794219,
    0.0528680634305397,
    0.015000682118149438,
    0.14668678335712634,
    0.04306007684481351,
    0.17756517831731633,
    0.01661667627785258,
    -0.05973620297509719,
    0.06898567450737983,
    0.037224407514956974,
    -0.024546745449311035,
    0.07256095980535042,
    0.04199807135676524,
    0.08506742854859799,
    -0.01792641898592106,
    0.037349300250455575,
    0.10071227295548835,
    0.019890691672860943,
    -0.0053413075199764525,
    0.05292834775559106,
    -0.0020300443016456685,
    0.1688227626935613,
    0.020078119280780696,
    0.12185889649593569,
    0.052501932246639266,
    0.026548923422849913,
    0.13759237200991709,
    0.014654325406644199,
    0.0055362200944294275,
    0.05493753024173029,
    0.10717544040872974,
    -0.02441237007040041,
    0.0005704758276672432,
    0.08681668545705142,
    0.07688539921991983,
    0.025433132381368656,
    0.011328446273934352,
    0.11478588127958032,
    0.0722676300358052,
    0.16793473210331228,
    0.12019847299096609,
    0.06541612936955467,
    0.28269770331640914,
    0.1814692964017667,
    0.09984196858665753,
    0.16432872304068674,
    0.11470253516575092,
    0.022279281043677438,
    0.03892708567897055,
    0.204304867238567,
    0.1770195849459622,
    0.07674968362740697,
    0.09080106463534116,
    -0.03302144708425784,
    0.08006150316081793,
    -0.03635825022217833,
    -0.03181773297306032,
    0.10604020362649158,
    0.06405535739640497,
    0.09105719715566214,
    0.015259570926822189,
    0.0005315084850061075,
    -0.05182102787555789,
    0.06168677008142556,
    0.10906850476540762,
    0.09370993504136393,
    0.03767537674858364,
    0.12321845469072866,
    -0.0007268762263428593,
    0.05863318189341079,
    0.05955803042714757,
    0.1570372530071675,
    0.03736806324088683,
    0.05203032878094803,
    0.04919881145811827,
    0.004940507791761657,
    -0.00039971238510355114,
    0.23540725487967348,
    0.10337525209607512,
    0.106733928531466,
    0.12597724646035047,
    0.1107015423962033,
    -0.09727260210183425,
    0.031207126598473398,
    0.09232339556518263,
    0.1315013287712125,
    0.05404732496525876,
    0.10443404612888785,
    0.10281089573428977,
    0.04703272283232145,
    0.08308254691664264,
    0.15252935605138684,
    0.11670279132355828,
    0.1069243652982285,
    0.0993182737998229,
    0.0030859808979102404,
    0.13391115926327193,
    0.059322279268400155,
    0.0037450878326685155,
    0.062216230315454674,
    0.07305107339098192,
    0.05048182575528939,
    0.054546314305123904,
    0.07796290566906561,
    0.14903276405021149,
    0.06784103094287694,
    0.008744008707848229,
    0.009529171582363648,
    0.20735248768299447,
    0.17380911590533896,
    0.1363657984063343,
    0.030541571466194944,
    0.04699274400769637,
    0.09044034487994784,
    0.3324828202949304,
    0.21618955273152599,
    0.08814450840522547,
    0.11133005200155213,
    -0.04510933930377421,
    0.16123778588115315,
    0.14891874474582534,
    0.08643414297828589,
    0.13411975213128735,
    0.06209209619142903,
    0.2126652461245385,
    0.20527009918971445,
    0.043606504688787864,
    0.03331889864280615,
    -0.003231507865473405,
    0.12797914627634926,
    0.13129185085647868,
    0.029763741835918157,
    0.11887828673161983,
    0.23386954942397997,
    0.10391095823123161,
    0.033457547533014456,
    0.0945536374345429,
    -0.06877538740707484,
    0.06043508643808776,
    0.06566250108892356,
    0.10686134997187448,
    0.2560844496406521,
    0.07632493706369567,
    0.04400667224077519,
    0.09563314156056747,
    0.03017490925426343,
    0.03628104886127993,
    0.03632373340015858,
    0.12070580705703379,
    0.09688980675257772,
    0.048015554569641614,
    0.029446793962514733,
    0.11639975132715916,
    -0.03804219068280976,
    0.035854709213475416,
    0.057208054380304824,
    -0.026040931893505617,
    -0.021863157363708807,
    -0.04357959926854683,
    0.07339419336020252,
    0.04589591825303916,
    0.04631489936955594,
    0.07809692702928885,
    0.005449232645529813,
    0.18655442082732399,
    0.06989251866215833,
    0.1499034477247788,
    -0.0018990321002651728,
    0.07732701224537997,
    0.11554482148418035,
    0.0019966906838844497,
    -0.032508752163781185,
    0.028389947032482606,
    0.011308520079244556
  ],
  "per_subject_clip_rsa": [
    0.05680490295652385,
    -0.00016815887650652335,
    0.13066230448211683,
    -0.020380476526854152,
    -0.03641504493445407,
    0.17199813331003555,
    -0.005057308671548668,
    0.007174492144388545,
    0.05988610460215443,
    -0.02831590655272154,
    -0.021638026765582862,
    0.11250928824922209,
    0.027213113054477028,
    -0.04286900790182354,
    -0.08192614487430884,
    0.034193173078345476,
    0.09325034292399458,
    0.03789127757378856,
    -0.03102101391710678,
    0.12901121189826464,
    -0.02391368417512445
  ],
  "mean_clip_rsa": 0.027089979575108582,
  "t_clip": 1.8246930374279908,
  "p_clip": 0.08302282313428612,
  "n_pairs": 210
}