{
  "Frontal\n(FP,AF,F)": {
    "n_channels": 14,
    "mean_r1": 0.0402040817603773,
    "std_r1": 0.02151021094468408,
    "mean_drop": 0.00476190461745473,
    "std_drop": 0.007853534473333522,
    "t": 2.7116306583115475,
    "p": 0.013431525582085055,
    "per_subject": [
      0.07785714311259133,
      0.01999999981905733,
      0.04285714243139539,
      0.03428571431764534,
      0.039285714871117046,
      0.040000000436391146,
      0.04142857130084719,
      0.03357142928455557,
      0.022142857180110047,
      0.042142857664397786,
      0.04785714351705143,
      0.12071428767272405,
      0.03571428571428571,
      0.02571428527257272,
      0.028571428331945623,
      0.024285714142024517,
      0.03857142824147429,
      0.03785714267620018,
      0.03357142795409475,
      0.027142857068351338,
      0.030714285959090506
    ]
  },
  "Fronto-Central\n(FC,FT)": {
    "n_channels": 9,
    "mean_r1": 0.04221088418318909,
    "std_r1": 0.022779315675371736,
    "mean_drop": 0.0027551021946429404,
    "std_drop": 0.005268706438967445,
    "t": 2.338561035253966,
    "p": 0.029855297528359935,
    "per_subject": [
      0.09285714264426913,
      0.024285714142024517,
      0.03499999961682728,
      0.03571428571428571,
      0.040714285735573084,
      0.03357142822018692,
      0.048571428550141196,
      0.024285714008978436,
      0.025714285405618802,
      0.04071428546948092,
      0.04214285739830562,
      0.1235714288694518,
      0.03357142861932516,
      0.03214285735573087,
      0.028571428464991704,
      0.03142857112522636,
      0.03928571380674839,
      0.03499999961682728,
      0.04285714189921107,
      0.040714286001665254,
      0.03571428518210139
    ]
  },
  "Central+Temporal\n(C,T)": {
    "n_channels": 9,
    "mean_r1": 0.04187074815537653,
    "std_r1": 0.02422208148809475,
    "mean_drop": 0.003095238222455492,
    "std_drop": 0.006102196597695349,
    "t": 2.2684169417222813,
    "p": 0.03452989435623729,
    "per_subject": [
      0.09928571432828903,
      0.022142857047063962,
      0.037142857909202576,
      0.027142856935305253,
      0.03857142850756645,
      0.03142857112522636,
      0.0471428566213165,
      0.03428571378546102,
      0.024999999840344702,
      0.053571428039244244,
      0.04571428628904479,
      0.12428571283817291,
      0.03285714252186673,
      0.02714285720139742,
      0.029285714296357974,
      0.028571428198899542,
      0.042142857132213454,
      0.03500000001596553,
      0.03499999974987337,
      0.035714286246470044,
      0.027857142633625438
    ]
  },
  "Parietal\n(TP,CP,P)": {
    "n_channels": 18,
    "mean_r1": 0.037346938580629374,
    "std_r1": 0.015999487830246798,
    "mean_drop": 0.007619047797202659,
    "std_drop": 0.015250314250718556,
    "t": 2.2342764245087543,
    "p": 0.03704064893504836,
    "per_subject": [
      0.09285714157990047,
      0.029285714429404055,
      0.03285714265491281,
      0.03142857099218028,
      0.03499999961682728,
      0.03571428584733179,
      0.0392857144719788,
      0.03428571405155318,
      0.029999999462493827,
      0.03285714318709714,
      0.04214285739830562,
      0.07428571368966784,
      0.03142857099218028,
      0.03285714265491281,
      0.028571428464991704,
      0.01714285689273051,
      0.03142857099218028,
      0.029285714562450136,
      0.03142857152436461,
      0.03357142822018692,
      0.03857142850756645
    ]
  },
  "Occipital\n(PO,O,CB)": {
    "n_channels": 12,
    "mean_r1": 0.03823129235937887,
    "std_r1": 0.020756605921484237,
    "mean_drop": 0.0067346940184531585,
    "std_drop": 0.007940410556532764,
    "t": 3.7930617127934005,
    "p": 0.001140843496394033,
    "per_subject": [
      0.07857142867786544,
      0.02928571363112756,
      0.027857143032763685,
      0.03499999921768904,
      0.037857143341430595,
      0.03071428555995226,
      0.03500000001596553,
      0.029999999728585993,
      0.030714285293860093,
      0.036428571811744144,
      0.046428571588226726,
      0.11642857108797346,
      0.026428571236985072,
      0.025714285538664887,
      0.026428571370031153,
      0.027857142633625438,
      0.027142856802259172,
      0.029999999595539912,
      0.042142857132213454,
      0.029999999595539912,
      0.03285714265491281
    ]
  },
  "full": {
    "mean_r1": 0.04496598637783203,
    "std_r1": 0.026996991156250653,
    "per_subject": [
      0.09928571432828903,
      0.028571428198899542,
      0.03714285684483392,
      0.03857142903975078,
      0.04071428507034268,
      0.030714285959090506,
      0.049999999946781566,
      0.029285714296357974,
      0.028571428464991704,
      0.045000000191586356,
      0.047142857153500826,
      0.14642857228006637,
      0.03571428544819355,
      0.03285714265491281,
      0.029999999728585993,
      0.027857142633625438,
      0.042142857132213454,
      0.03785714280924627,
      0.040000000170298984,
      0.03785714307533843,
      0.03857142850756645
    ]
  }
}