{
  "sess_act_mean": [
    0.053968253968253964,
    0.06878306878306877,
    0.07407407407407407,
    0.06243386243386243,
    0.06984126984126986,
    0.0835978835978836,
    0.06243386243386243
  ],
  "sess_pas_mean": [
    0.04331797235023042,
    0.04055299539170507,
    0.03317972350230415,
    0.035023041474654376,
    0.036251920122887867,
    0.04485407066052227,
    0.03502304147465438
  ],
  "sess_r1_mean": [
    0.04571428571428572,
    0.046904761904761914,
    0.042380952380952394,
    0.0411904761904762,
    0.04380952380952382,
    0.05357142857142856,
    0.0411904761904762
  ],
  "sess_gaps": [
    0.010650281618023547,
    0.028230073391363693,
    0.04089435057176992,
    0.027410820959208056,
    0.03358934971838199,
    0.03874381293736133,
    0.02741082095920805
  ],
  "t_gap": 7.8366953094005405,
  "p_gap": 0.00022809395302923332,
  "n_positive_gap": 7,
  "rho_sess": 0.28571428571428575,
  "p_sess": 0.5345092286010406
}