{
  "cat_rsa_rho": 0.6445302445302447,
  "cat_rsa_p": 2.21045661060588e-05,
  "clip_sil_mean": 0.08515673875808716,
  "eeg_sil_mean": 0.0189866168393922,
  "t_clip_vs_eeg_sil": 2.6567452603766446,
  "p_clip_vs_eeg_sil": 0.011373393189057212,
  "clip_sil_activity": 0.1706254780292511,
  "clip_sil_passive": 0.06034323573112488,
  "eeg_sil_activity": -0.07597037586003351,
  "eeg_sil_passive": 0.046554776010193206,
  "t_clip_act_pas": 1.6257187752822455,
  "p_clip_act_pas": 0.11227565363764004,
  "t_eeg_act_pas": -1.5642506574688841,
  "p_eeg_act_pas": 0.1260494300627063,
  "act_pas_clip_sim": 0.8996413365555692,
  "act_pas_eeg_sim": 0.8745546772313435,
  "cat_names": [
    "Animals",
    "Nature",
    "Food",
    "Sports",
    "Music",
    "Vehicles",
    "Urban",
    "People",
    "Other"
  ],
  "clip_centroid_sim": [
    [
      0.9999999642970673,
      0.8933686723061933,
      0.8439971764172034,
      0.8185739365118628,
      0.7352755961254247,
      0.8573912505149679,
      0.8500744395172302,
      0.8243707806648495,
      0.7467117842471347
    ],
    [
      0.8933686723061933,
      0.9999998219707129,
      0.8251281340058038,
      0.8067642638126624,
      0.7253891960867801,
      0.8360582889406865,
      0.8809594486929324,
      0.8007525552192643,
      0.7713968472660887
    ],
    [
      0.8439971764172034,
      0.8251281340058038,
      0.999999976432014,
      0.8020066681458775,
      0.7612409316362404,
      0.8067768545011699,
      0.8010107795897737,
      0.835450733041406,
      0.7283018061157125
    ],
    [
      0.8185739365118628,
      0.8067642638126624,
      0.8020066681458775,
      0.9999998166288679,
      0.8044798397070533,
      0.8583784992895692,
      0.8522382727335497,
      0.8610431296929089,
      0.7210348292025685
    ],
    [
      0.7352755961254247,
      0.7253891960867801,
      0.7612409316362404,
      0.8044798397070533,
      0.9999999726660123,
      0.7459745250576275,
      0.7485666766952686,
      0.8151924691702958,
      0.6594661641345245
    ],
    [
      0.8573912505149679,
      0.8360582889406865,
      0.8067768545011699,
      0.8583784992895692,
      0.7459745250576275,
      0.9999999813323972,
      0.8972065184617285,
      0.8030620218728955,
      0.7619346108859119
    ],
    [
      0.8500744395172302,
      0.8809594486929324,
      0.8010107795897737,
      0.8522382727335497,
      0.7485666766952686,
      0.8972065184617285,
      1.0000000664924031,
      0.8327009603828766,
      0.7804282542892569
    ],
    [
      0.8243707806648495,
      0.8007525552192643,
      0.835450733041406,
      0.8610431296929089,
      0.8151924691702958,
      0.8030620218728955,
      0.8327009603828766,
      0.9999999710528684,
      0.7018081297831221
    ],
    [
      0.7467117842471347,
      0.7713968472660887,
      0.7283018061157125,
      0.7210348292025685,
      0.6594661641345245,
      0.7619346108859119,
      0.7804282542892569,
      0.7018081297831221,
      1.000000077458863
    ]
  ],
  "eeg_centroid_sim": [
    [
      1.0000000000000002,
      0.8395656608991138,
      0.8417368049149867,
      0.829356844086699,
      0.7683900269812244,
      0.8760109883169425,
      0.7931925958299042,
      0.8124006956108416,
      0.7405206358657316
    ],
    [
      0.8395656608991138,
      1.0000000000000002,
      0.7689077673464952,
      0.6321715149287557,
      0.6684479434977901,
      0.8362342494271544,
      0.8003916058671007,
      0.7296732801776038,
      0.6844941473627653
    ],
    [
      0.8417368049149867,
      0.7689077673464952,
      0.9999999999999997,
      0.7983781510768936,
      0.7047188326655238,
      0.8526991530446782,
      0.6941623004100781,
      0.8408131482994082,
      0.6853167021713962
    ],
    [
      0.829356844086699,
      0.6321715149287557,
      0.7983781510768936,
      0.9999999999999998,
      0.7165768094257758,
      0.76097709974428,
      0.6534131390202057,
      0.7937053030106058,
      0.585255643153901
    ],
    [
      0.7683900269812244,
      0.6684479434977901,
      0.7047188326655238,
      0.7165768094257758,
      1.0,
      0.6961332705455477,
      0.6326566660814702,
      0.6682054767476711,
      0.6479589086987071
    ],
    [
      0.8760109883169425,
      0.8362342494271544,
      0.8526991530446782,
      0.76097709974428,
      0.6961332705455477,
      1.0000000000000002,
      0.815742105054281,
      0.7958796498221928,
      0.7288833841690892
    ],
    [
      0.7931925958299042,
      0.8003916058671007,
      0.6941623004100781,
      0.6534131390202057,
      0.6326566660814702,
      0.815742105054281,
      1.0000000000000002,
      0.6910985003574972,
      0.7154830118046032
    ],
    [
      0.8124006956108416,
      0.7296732801776038,
      0.8408131482994082,
      0.7937053030106058,
      0.6682054767476711,
      0.7958796498221928,
      0.6910985003574972,
      0.9999999999999996,
      0.6026610188016034
    ],
    [
      0.7405206358657316,
      0.6844941473627653,
      0.6853167021713962,
      0.585255643153901,
      0.6479589086987071,
      0.7288833841690892,
      0.7154830118046032,
      0.6026610188016034,
      1.0000000000000004
    ]
  ]
}