{
  "feature": "de",
  "chunks": 1,
  "epochs": 150,
  "temperature": 0.07,
  "per_subject": {
    "concept_r1": [
      0.10214285658938545,
      0.03071428569299834,
      0.04142857103475502,
      0.02857142873108387,
      0.03928571433893272,
      0.03214285682354655,
      0.044285714360220094,
      0.03714285697788,
      0.04071428546948092,
      0.040000000436391146,
      0.04785714325095926,
      0.1292857112629073,
      0.024999999973390783,
      0.029285714030265808,
      0.029999999861632074,
      0.025000000106436864,
      0.03999999990420682,
      0.03000000026077032,
      0.03357142861932516,
      0.03500000014901161,
      0.026428571236985072
    ],
    "concept_r5": [
      0.2849999964237213,
      0.15214285467352187,
      0.17285714404923574,
      0.1371428593993187,
      0.17571428418159485,
      0.14071428775787354,
      0.18857142754963466,
      0.15857142955064774,
      0.16357142797538213,
      0.1907142847776413,
      0.1935714270387377,
      0.33999999931880404,
      0.15642857338700975,
      0.14214285675968444,
      0.13285714387893677,
      0.14714285624878748,
      0.15000000170298985,
      0.1550000011920929,
      0.1550000011920929,
      0.14071428456476756,
      0.13500000004257476
    ],
    "concept_r10": [
      0.4557142811162131,
      0.26857143001896994,
      0.3228571457522256,
      0.2821428541626249,
      0.32142857142857145,
      0.27214285731315613,
      0.35500000630106243,
      0.2835714284862791,
      0.282857141324452,
      0.3528571469443185,
      0.3164285740682057,
      0.47857142771993366,
      0.29785714192049845,
      0.2642857091767447,
      0.2599999947207315,
      0.282857141324452,
      0.2849999985524586,
      0.28571428784302305,
      0.29999999914850506,
      0.2864285707473755,
      0.26571428775787354
    ],
    "clip_r1": [
      0.10428571488176074,
      0.026428571503077234,
      0.03857142770928996,
      0.02928571416331189,
      0.03785714307533843,
      0.03214285655745438,
      0.03928571380674839,
      0.03499999974987337,
      0.03714285697788,
      0.041428572099123685,
      0.044285714094127925,
      0.1292857133916446,
      0.024285714408116683,
      0.03285714292100498,
      0.028571428198899542,
      0.026428571636123315,
      0.03571428558123963,
      0.029285714296357974,
      0.02928571416331189,
      0.03499999935073512,
      0.025714285538664887
    ],
    "clip_r5": [
      0.18000000289508275,
      0.06857142863529068,
      0.10357142771993365,
      0.06642857087509972,
      0.11071428550141198,
      0.08642857096024922,
      0.11285714379378728,
      0.08642857149243355,
      0.09785714532647814,
      0.10285714162247521,
      0.1257142839687211,
      0.23071428281920298,
      0.09071428648063115,
      0.09785714213337217,
      0.07642857198204313,
      0.08071428590587207,
      0.0935714276773589,
      0.08071428697024073,
      0.10214285658938545,
      0.07857142761349678,
      0.08214285650423594
    ],
    "clip_r10": [
      0.2657142835003989,
      0.1257142871618271,
      0.1614285728761128,
      0.13071428771529878,
      0.17214285901614598,
      0.1407142835003989,
      0.17571428843906947,
      0.1514285717691694,
      0.15642857125827245,
      0.18071428579943521,
      0.19071428690637862,
      0.3178571420056479,
      0.1692857156906809,
      0.16214285790920258,
      0.127142856163638,
      0.14714285624878748,
      0.15571428622518266,
      0.1457142840538706,
      0.16857142533574784,
      0.13642857330186026,
      0.1314285732805729
    ]
  },
  "mean_concept_r1": 0.04227891138621739,
  "mean_concept_r5": 0.17204081626976425,
  "mean_concept_r10": 0.31047619027750833,
  "mean_clip_r1": 0.04105442162400403,
  "mean_clip_r5": 0.10261904749841917,
  "mean_clip_r10": 0.16727891181703328,
  "std_concept_r1": 0.024985533695398746,
  "std_concept_r5": 0.04958441683223132,
  "std_concept_r10": 0.05711705786041795,
  "std_clip_r1": 0.0254413128294671,
  "std_clip_r5": 0.03716530783427525,
  "std_clip_r10": 0.04485188790041156
}