{
  "nn_agreement_rate": 0.1,
  "same_cat_clip": 0.7,
  "same_cat_eeg": 0.325,
  "chance_same_cat": 0.1551282051282051,
  "p_clip_same_cat": 1.7457801543464122e-14,
  "p_eeg_same_cat": 0.006956174101457676,
  "eeg_nn_clip_rank_mean": 16.675,
  "activity_agree": 0.0,
  "passive_agree": 0.12903225806451613,
  "t_agree": -1.1254628677422756,
  "p_agree": 0.2674513066062337,
  "clip_nn": [
    1,
    0,
    3,
    2,
    1,
    1,
    11,
    9,
    7,
    7,
    7,
    6,
    13,
    23,
    15,
    18,
    15,
    23,
    19,
    18,
    22,
    25,
    24,
    24,
    23,
    23,
    37,
    18,
    30,
    28,
    28,
    28,
    33,
    34,
    33,
    36,
    24,
    26,
    39,
    21
  ],
  "eeg_nn": [
    1,
    0,
    15,
    1,
    5,
    21,
    9,
    11,
    5,
    6,
    19,
    39,
    39,
    39,
    19,
    2,
    31,
    8,
    29,
    0,
    11,
    5,
    23,
    39,
    21,
    11,
    39,
    18,
    19,
    17,
    31,
    36,
    3,
    32,
    24,
    31,
    23,
    38,
    39,
    23
  ],
  "concept_names": [
    "cat",
    "husky",
    "elephant",
    "horses",
    "panda",
    "rabbit",
    "bird",
    "fish",
    "jellyfish",
    "whale",
    "turtle",
    "flowers",
    "mushrooms",
    "forest",
    "boxing",
    "dancing",
    "running",
    "skiing",
    "computer",
    "construction",
    "crowd",
    "beach",
    "city",
    "mountain",
    "road",
    "waterfall",
    "fireworks",
    "banana",
    "cheesecake",
    "drink",
    "pizza",
    "watermelon",
    "drums",
    "guitar",
    "piano",
    "motorcycle",
    "car",
    "balloon",
    "airplane",
    "boat"
  ]
}