{
  "sub_r1": [
    0.09928571428571428,
    0.02857142857142857,
    0.037142857142857144,
    0.038571428571428576,
    0.04071428571428572,
    0.030714285714285715,
    0.05,
    0.029285714285714286,
    0.02857142857142857,
    0.045,
    0.04714285714285714,
    0.14642857142857144,
    0.03571428571428571,
    0.032857142857142856,
    0.03,
    0.027857142857142858,
    0.04214285714285714,
    0.03785714285714285,
    0.04,
    0.03785714285714285,
    0.038571428571428576
  ],
  "sub_act": [
    0.23492063492063492,
    0.028571428571428574,
    0.044444444444444446,
    0.02222222222222222,
    0.0380952380952381,
    0.04444444444444444,
    0.06984126984126986,
    0.01904761904761905,
    0.028571428571428567,
    0.07301587301587302,
    0.05396825396825397,
    0.34285714285714286,
    0.05396825396825397,
    0.044444444444444446,
    0.04126984126984127,
    0.0380952380952381,
    0.05714285714285715,
    0.0507936507936508,
    0.044444444444444446,
    0.05396825396825397,
    0.04126984126984127
  ],
  "sub_pas": [
    0.05990783410138246,
    0.028571428571428577,
    0.03502304147465438,
    0.04331797235023041,
    0.041474654377880185,
    0.026728110599078342,
    0.04423963133640552,
    0.03225806451612904,
    0.028571428571428577,
    0.036866359447004615,
    0.04516129032258065,
    0.08940092165898614,
    0.03041474654377881,
    0.02949308755760369,
    0.026728110599078342,
    0.024884792626728117,
    0.03778801843317973,
    0.03410138248847926,
    0.03870967741935484,
    0.03317972350230415,
    0.03778801843317973
  ],
  "sub_gap": [
    0.17501280081925247,
    -3.469446951953614e-18,
    0.009421402969790063,
    -0.02109575012800819,
    -0.0033794162826420865,
    0.017716333845366097,
    0.025601638504864334,
    -0.013210445468509989,
    -1.0408340855860843e-17,
    0.036149513568868405,
    0.008806963645673321,
    0.2534562211981567,
    0.02355350742447516,
    0.014951356886840756,
    0.014541730670762927,
    0.013210445468509982,
    0.01935483870967742,
    0.016692268305171544,
    0.005734767025089606,
    0.02078853046594982,
    0.003481822836661541
  ],
  "mean_r1": 0.04496598639455782,
  "std_r1": 0.026996990969423228,
  "min_r1": 0.027857142857142858,
  "max_r1": 0.14642857142857144,
  "shapiro_p": 7.695835386987389e-07,
  "rho_r1_gap": 0.4738383792562464,
  "p_r1_gap": 0.0300134546386709,
  "n_below_chance": 0,
  "top_half_act": 0.0902116402116402,
  "top_half_pas": 0.04516129032258064,
  "bot_half_act": 0.0380952380952381,
  "bot_half_pas": 0.02918586789554532
}