{
  "mean_entropy": 3.6860203742980957,
  "chance_entropy": 3.6888794541139363,
  "correct_entropy": 3.685842514038086,
  "incorrect_entropy": 3.6860287189483643,
  "t_calibration": -1.3647141072400584,
  "p_calibration": 0.17241606578336283,
  "activity_entropy": 3.686019049750434,
  "passive_entropy": 3.6860206434803624,
  "t_entropy_act_vs_pas": -0.042674441517659305,
  "p_entropy_act_vs_pas": 0.9661845033427918,
  "rho_entropy_r1": 0.013160952825167506,
  "p_entropy_r1": 0.9357591707042883,
  "conc_entropy": [
    3.6860361099243164,
    3.6860203742980957,
    3.6859793663024902,
    3.6861164569854736,
    3.685896158218384,
    3.6858973503112793,
    3.686115264892578,
    3.6861608028411865,
    3.686004400253296,
    3.685934543609619,
    3.685974359512329,
    3.686279773712158,
    3.686140775680542,
    3.6860547065734863,
    3.685978412628174,
    3.685971736907959,
    3.6860032081604004,
    3.686051368713379,
    3.6859471797943115,
    3.6861417293548584,
    3.6860904693603516,
    3.6859922409057617,
    3.685873508453369,
    3.686166763305664,
    3.68609356880188,
    3.686020851135254,
    3.6860156059265137,
    3.686013698577881,
    3.685805320739746,
    3.6860594749450684,
    3.685969829559326,
    3.686066150665283,
    3.6859710216522217,
    3.6860294342041016,
    3.686077356338501,
    3.685948610305786,
    3.686084270477295,
    3.686007261276245,
    3.6857779026031494,
    3.6860439777374268
  ],
  "conc_maxprob": [
    0.029143603518605232,
    0.02933063544332981,
    0.02908995747566223,
    0.028974037617444992,
    0.029194941744208336,
    0.029247820377349854,
    0.02910926751792431,
    0.02913321554660797,
    0.029260190203785896,
    0.02911139838397503,
    0.0293373242020607,
    0.029036886990070343,
    0.029070354998111725,
    0.029044829308986664,
    0.029173053801059723,
    0.029133731499314308,
    0.029183031991124153,
    0.029209647327661514,
    0.029287081211805344,
    0.029062481597065926,
    0.029061103239655495,
    0.029154248535633087,
    0.02927519753575325,
    0.029045501723885536,
    0.029230481013655663,
    0.029096897691488266,
    0.029200846329331398,
    0.02933514304459095,
    0.0292062871158123,
    0.02913055382668972,
    0.029143376275897026,
    0.029027815908193588,
    0.02931278757750988,
    0.029291778802871704,
    0.029157821089029312,
    0.029231693595647812,
    0.029202884063124657,
    0.02913341298699379,
    0.02921278588473797,
    0.029012709856033325
  ],
  "conc_r1": [
    0.047619047619047616,
    0.06666666666666667,
    0.02857142857142857,
    0.02857142857142857,
    0.0380952380952381,
    0.009523809523809525,
    0.009523809523809525,
    0.05714285714285714,
    0.0380952380952381,
    0.06666666666666667,
    0.02857142857142857,
    0.01904761904761905,
    0.047619047619047616,
    0.0761904761904762,
    0.0380952380952381,
    0.01904761904761905,
    0.05714285714285714,
    0.06666666666666667,
    0.0761904761904762,
    0.0380952380952381,
    0.0761904761904762,
    0.02857142857142857,
    0.05714285714285714,
    0.047619047619047616,
    0.05714285714285714,
    0.0380952380952381,
    0.02857142857142857,
    0.0380952380952381,
    0.02857142857142857,
    0.047619047619047616,
    0.01904761904761905,
    0.05714285714285714,
    0.047619047619047616,
    0.08571428571428572,
    0.05714285714285714,
    0.06666666666666667,
    0.0380952380952381,
    0.06666666666666667,
    0.06666666666666667,
    0.01904761904761905
  ],
  "concept_names": [
    "cat",
    "husky",
    "elephant",
    "horses",
    "panda",
    "rabbit",
    "bird",
    "fish",
    "jellyfish",
    "whale",
    "turtle",
    "flowers",
    "mushrooms",
    "forest",
    "boxing",
    "dancing",
    "running",
    "skiing",
    "computer",
    "construction",
    "crowd",
    "beach",
    "city",
    "mountain",
    "road",
    "waterfall",
    "fireworks",
    "banana",
    "cheesecake",
    "drink",
    "pizza",
    "watermelon",
    "drums",
    "guitar",
    "piano",
    "motorcycle",
    "car",
    "balloon",
    "airplane",
    "boat"
  ]
}