{
  "metric_names": [
    "R@1",
    "R@5",
    "MRR",
    "CLIP_isolation",
    "CLIP_consistency",
    "EEG_consistency",
    "CV",
    "Entropy",
    "IsActivity"
  ],
  "rho_matrix": [
    [
      0.9999999999999999,
      0.545564472326038,
      0.8029128054490681,
      0.15944636372361207,
      -0.029541131521239293,
      0.08048064677260705,
      -0.13795329687963348,
      0.013160952825167506,
      0.21200643811383768
    ],
    [
      0.545564472326038,
      1.0,
      0.8718521151120039,
      0.03533771543093401,
      -0.021579564889823703,
      0.2512275982369868,
      -0.31474125210485226,
      -0.07972188601218713,
      0.25788963917548885
    ],
    [
      0.802912805449068,
      0.871852115112004,
      1.0,
      -0.0626641651031895,
      -0.04840525328330207,
      0.25703564727954975,
      -0.16210131332082556,
      -0.054221388367729835,
      0.24116664538090188
    ],
    [
      0.15944636372361207,
      0.035337715430934016,
      -0.0626641651031895,
      1.0,
      0.07166979362101314,
      -0.2176360225140713,
      -0.2176360225140713,
      -0.250093808630394,
      0.05445698444084881
    ],
    [
      -0.029541131521239293,
      -0.021579564889823703,
      -0.04840525328330207,
      0.07166979362101314,
      1.0,
      0.27035647279549724,
      0.06885553470919327,
      0.0855534709193246,
      -0.33970785532148545
    ],
    [
      0.08048064677260705,
      0.2512275982369868,
      0.25703564727954975,
      -0.2176360225140713,
      0.27035647279549724,
      1.0,
      0.04071294559099438,
      -0.08930581613508444,
      0.2256075069692308
    ],
    [
      -0.1379532968796335,
      -0.31474125210485226,
      -0.16210131332082556,
      -0.2176360225140713,
      0.06885553470919327,
      0.04071294559099438,
      1.0,
      -0.11838649155722329,
      0.02852508708806366
    ],
    [
      0.013160952825167506,
      -0.07972188601218713,
      -0.054221388367729835,
      -0.250093808630394,
      0.0855534709193246,
      -0.08930581613508444,
      -0.11838649155722329,
      1.0,
      -0.05964336391140584
    ],
    [
      0.21200643811383768,
      0.25788963917548885,
      0.24116664538090188,
      0.0544569844408488,
      -0.33970785532148545,
      0.22560750696923076,
      0.02852508708806366,
      -0.05964336391140584,
      1.0
    ]
  ],
  "p_matrix": [
    [
      4.915363906464215e-299,
      0.0002717820516310955,
      4.5787981368074813e-10,
      0.32572750921771554,
      0.8564073256040718,
      0.6215421722065344,
      0.39593915491712317,
      0.9357591707042883,
      0.1890766953201745
    ],
    [
      0.0002717820516310955,
      0.0,
      2.4269478528004604e-13,
      0.8286168879872675,
      0.8948509358798056,
      0.1178841741553315,
      0.04792085247390569,
      0.6248440461564311,
      0.10813642353699417
    ],
    [
      4.5787981368075304e-10,
      2.4269478528004256e-13,
      0.0,
      0.7008795055443527,
      0.7667659205231773,
      0.1093505688016891,
      0.31763077166417303,
      0.7396653259840522,
      0.13383927347852462
    ],
    [
      0.32572750921771554,
      0.8286168879872675,
      0.7008795055443527,
      0.0,
      0.6603195624028626,
      0.1773244224713486,
      0.1773244224713486,
      0.11960696608800651,
      0.7385738194360542
    ],
    [
      0.8564073256040718,
      0.8948509358798056,
      0.7667659205231773,
      0.6603195624028626,
      0.0,
      0.09155577084277752,
      0.6728985697958493,
      0.5996570050732759,
      0.03198437081962836
    ],
    [
      0.6215421722065344,
      0.1178841741553315,
      0.1093505688016891,
      0.1773244224713486,
      0.09155577084277752,
      0.0,
      0.8030285124191046,
      0.5836876858174849,
      0.1615903507803629
    ],
    [
      0.39593915491712317,
      0.04792085247390569,
      0.31763077166417303,
      0.1773244224713486,
      0.6728985697958493,
      0.8030285124191046,
      0.0,
      0.4668805863000788,
      0.8612971682818833
    ],
    [
      0.9357591707042883,
      0.6248440461564311,
      0.7396653259840522,
      0.11960696608800651,
      0.5996570050732759,
      0.5836876858174849,
      0.4668805863000788,
      0.0,
      0.7146770600050785
    ],
    [
      0.1890766953201745,
      0.10813642353699417,
      0.13383927347852462,
      0.7385738194360542,
      0.03198437081962836,
      0.16159035078036302,
      0.8612971682818833,
      0.7146770600050785,
      0.0
    ]
  ],
  "concept_scores": [
    2.0,
    2.0,
    4.0,
    1.0,
    2.0,
    3.0,
    0.0,
    4.0,
    3.0,
    5.0,
    2.0,
    2.0,
    0.0,
    5.0,
    5.0,
    2.0,
    4.0,
    7.0,
    3.0,
    3.0,
    7.0,
    4.0,
    6.0,
    5.0,
    4.0,
    4.0,
    2.0,
    2.0,
    1.0,
    2.0,
    3.0,
    6.0,
    3.0,
    6.0,
    4.0,
    5.0,
    0.0,
    4.0,
    5.0,
    2.0
  ],
  "concept_names": [
    "cat",
    "husky",
    "elephant",
    "horses",
    "panda",
    "rabbit",
    "bird",
    "fish",
    "jellyfish",
    "whale",
    "turtle",
    "flowers",
    "mushrooms",
    "forest",
    "boxing",
    "dancing",
    "running",
    "skiing",
    "computer",
    "construction",
    "crowd",
    "beach",
    "city",
    "mountain",
    "road",
    "waterfall",
    "fireworks",
    "banana",
    "cheesecake",
    "drink",
    "pizza",
    "watermelon",
    "drums",
    "guitar",
    "piano",
    "motorcycle",
    "car",
    "balloon",
    "airplane",
    "boat"
  ]
}