{
  "subjects": [
    "sub1",
    "sub10",
    "sub11",
    "sub12",
    "sub13",
    "sub14",
    "sub15",
    "sub16",
    "sub17",
    "sub18",
    "sub19",
    "sub1_session2",
    "sub2",
    "sub20",
    "sub3",
    "sub4",
    "sub5",
    "sub6",
    "sub7",
    "sub8",
    "sub9"
  ],
  "per_subject_rsa": [
    -0.04596974887021153,
    0.030558686928048927,
    -0.13295663183264045,
    -0.07783244873182806,
    -0.07270859993225434,
    0.0372499858529521,
    0.00979985483543011,
    0.003991069887585701,
    -0.014647094768961384,
    0.028556566060349165,
    -0.008522185535537782,
    0.030189875189262128,
    0.006638611298162353,
    -0.01294792640097935,
    -0.000276608804090098,
    -0.06352782200602584,
    0.07326181754043454,
    -0.031230451166553454,
    -0.02186526737093156,
    -0.027990176604355165,
    0.03742121963904612
  ],
  "per_subject_r1": [
    0.09785714213337217,
    0.028571428464991704,
    0.04071428520338876,
    0.040714285602527,
    0.04142857130084719,
    0.03142857139131853,
    0.05214285797306469,
    0.03499999961682728,
    0.03428571378546102,
    0.049999999946781566,
    0.05357142883752074,
    0.14785714341061457,
    0.03142857152436461,
    0.03142857099218028,
    0.03500000014901161,
    0.027857142367533276,
    0.03857142797538212,
    0.03571428584733179,
    0.03571428531514747,
    0.03857142850756645,
    0.03785714241010802
  ],
  "pearson_r": 0.09256236374236629,
  "pearson_p": 0.6898496428551286,
  "spearman_rho": -0.1155844155844156,
  "spearman_p": 0.6178368603191975
}