{
  "rk_means": {
    "1": 4.571428571428571,
    "2": 8.738095238095237,
    "3": 12.285714285714286,
    "5": 18.285714285714285,
    "10": 32.976190476190474,
    "20": 58.0
  },
  "rk_sems": {
    "1": 0.5358843267551381,
    "2": 0.7473452999119667,
    "3": 0.9419496766768607,
    "5": 1.121108248949805,
    "10": 1.3766254834298013,
    "20": 1.38423255749987
  },
  "chance": {
    "1": 0.025,
    "2": 0.05,
    "3": 0.075,
    "5": 0.125,
    "10": 0.25,
    "20": 0.5
  },
  "mrr_mean": 0.1426027834878433,
  "mrr_sem": 0.006996561312487385,
  "chance_mrr": 0.1069635759734094,
  "t_mrr": 4.971057017836527,
  "p_mrr": 7.346060993120522e-05,
  "conc_mrr": [
    0.13995248783009695,
    0.16095655691874058,
    0.12706509744427635,
    0.11922592924501861,
    0.11850933800631137,
    0.09243204446581571,
    0.09584126649461007,
    0.1329670825132521,
    0.11659835949977311,
    0.15602952546178384,
    0.11021700802922936,
    0.10291611898358285,
    0.13816651914676195,
    0.17902876256718775,
    0.14516982294851463,
    0.11829451117190504,
    0.16275901058273765,
    0.16152899772882467,
    0.16235036796951732,
    0.14065708310773187,
    0.17613321945632443,
    0.18148760823507654,
    0.18049399138927597,
    0.15513328315459987,
    0.16684105242534528,
    0.15706821829924145,
    0.1088368818836526,
    0.11919202902151467,
    0.12671972569206413,
    0.1413108034424562,
    0.12470269039832779,
    0.14386702708189045,
    0.14984964696648126,
    0.22126475136494736,
    0.14158713906403111,
    0.1754662624124151,
    0.13277727680055007,
    0.15662567262962956,
    0.1527957959651443,
    0.11129237371509236
  ],
  "conc_rk1": [
    0.047619047619047616,
    0.06666666666666667,
    0.02857142857142857,
    0.02857142857142857,
    0.0380952380952381,
    0.009523809523809525,
    0.009523809523809525,
    0.05714285714285714,
    0.0380952380952381,
    0.06666666666666667,
    0.02857142857142857,
    0.01904761904761905,
    0.047619047619047616,
    0.0761904761904762,
    0.0380952380952381,
    0.01904761904761905,
    0.05714285714285714,
    0.06666666666666667,
    0.0761904761904762,
    0.0380952380952381,
    0.0761904761904762,
    0.02857142857142857,
    0.05714285714285714,
    0.047619047619047616,
    0.05714285714285714,
    0.0380952380952381,
    0.02857142857142857,
    0.0380952380952381,
    0.02857142857142857,
    0.047619047619047616,
    0.01904761904761905,
    0.05714285714285714,
    0.047619047619047616,
    0.08571428571428572,
    0.05714285714285714,
    0.06666666666666667,
    0.0380952380952381,
    0.06666666666666667,
    0.06666666666666667,
    0.01904761904761905
  ],
  "conc_rk5": [
    0.1523809523809524,
    0.1619047619047619,
    0.17142857142857143,
    0.14285714285714285,
    0.14285714285714285,
    0.13333333333333333,
    0.09523809523809523,
    0.13333333333333333,
    0.13333333333333333,
    0.18095238095238095,
    0.13333333333333333,
    0.13333333333333333,
    0.17142857142857143,
    0.20952380952380953,
    0.2,
    0.17142857142857143,
    0.21904761904761905,
    0.22857142857142856,
    0.17142857142857143,
    0.18095238095238095,
    0.2571428571428571,
    0.3238095238095238,
    0.24761904761904763,
    0.22857142857142856,
    0.23809523809523808,
    0.22857142857142856,
    0.10476190476190476,
    0.12380952380952381,
    0.17142857142857143,
    0.17142857142857143,
    0.18095238095238095,
    0.20952380952380953,
    0.19047619047619047,
    0.34285714285714286,
    0.1523809523809524,
    0.23809523809523808,
    0.1619047619047619,
    0.18095238095238095,
    0.17142857142857143,
    0.12380952380952381
  ],
  "activity_mrr": 0.155940147878299,
  "passive_mrr": 0.13873064543900135,
  "t_mrr_act_pas": 1.7046481810701937,
  "p_mrr_act_pas": 0.09642446075389498,
  "concept_names": [
    "cat",
    "husky",
    "elephant",
    "horses",
    "panda",
    "rabbit",
    "bird",
    "fish",
    "jellyfish",
    "whale",
    "turtle",
    "flowers",
    "mushrooms",
    "forest",
    "boxing",
    "dancing",
    "running",
    "skiing",
    "computer",
    "construction",
    "crowd",
    "beach",
    "city",
    "mountain",
    "road",
    "waterfall",
    "fireworks",
    "banana",
    "cheesecake",
    "drink",
    "pizza",
    "watermelon",
    "drums",
    "guitar",
    "piano",
    "motorcycle",
    "car",
    "balloon",
    "airplane",
    "boat"
  ]
}