{
  "global_rho": 0.23241033496868896,
  "global_p": 5.010126727428591e-11,
  "cat_rho": {
    "Animals": 0.05360750360750362,
    "Nature": -0.11515151515151514,
    "Food": 0.3696969696969697,
    "Sports": 0.2571428571428572,
    "Music": -0.5,
    "Vehicles": 0.9030303030303028,
    "Urban": 0.028571428571428574
  },
  "cat_p": {
    "Animals": 0.6974891924994523,
    "Nature": 0.7514196523258483,
    "Food": 0.2930500752928223,
    "Sports": 0.6227871720116618,
    "Music": 0.6666666666666667,
    "Vehicles": 0.00034361219776328223,
    "Urban": 0.9571545189504373
  },
  "activity_mean_rho": -0.12142857142857141,
  "passive_mean_rho": 0.24795093795093787,
  "t_act_vs_pas": -1.0137490135752494,
  "p_act_vs_pas": 0.3572181692758139,
  "sub_mean_rho": 0.02708923541337796,
  "sub_std_rho": 0.06639451386006735,
  "t_sub": 1.8246499091919484,
  "p_sub": 0.0830295699325907
}