{
  "sorted_by_r1": [
    "computer",
    "guitar",
    "construction",
    "boxing",
    "drums",
    "running",
    "husky",
    "crowd",
    "pizza",
    "skiing",
    "cat",
    "city",
    "dancing",
    "airplane",
    "jellyfish",
    "watermelon",
    "piano",
    "panda",
    "whale",
    "fireworks",
    "mountain",
    "balloon",
    "motorcycle",
    "drink",
    "waterfall",
    "fish",
    "forest",
    "elephant",
    "rabbit",
    "road",
    "beach",
    "boat",
    "cheesecake",
    "horses",
    "bird",
    "banana",
    "turtle",
    "flowers",
    "car",
    "mushrooms"
  ],
  "topk_r1": [
    0.09523809523809523,
    0.08775510204081632,
    0.08435374149659865,
    0.08197278911564626,
    0.07999999999999999,
    0.07823129251700679,
    0.07619047619047618,
    0.07397959183673469,
    0.07165532879818594,
    0.06965986394557823,
    0.06777983920841063,
    0.06621315192743764,
    0.06478283621140764,
    0.06345966958211856,
    0.062222222222222213,
    0.06113945578231292,
    0.06002400960384152,
    0.058956916099773236,
    0.05800214822771213,
    0.05714285714285714,
    0.05630061548428895,
    0.055534941249226956,
    0.05477669328601005,
    0.0540249433106576,
    0.05333333333333334,
    0.05269492412349556,
    0.052053413958175865,
    0.05145772594752186,
    0.0509031198686371,
    0.050340136054421766,
    0.049813473776607414,
    0.049277210884353745,
    0.048732220160791595,
    0.048179271708683476,
    0.04765792031098154,
    0.047127739984882844,
    0.046589446589446595,
    0.04607948442534909,
    0.04552590266875982,
    0.04496598639455783
  ],
  "diverse_r1": [
    0.09523809523809523,
    0.08775510204081632,
    0.08344671201814058,
    0.07857142857142857,
    0.0745578231292517,
    0.07097505668934241,
    0.067444120505345,
    0.06411564625850341,
    0.06137566137566138,
    0.06299319727891158,
    0.06382189239332098,
    0.0642857142857143,
    0.06331763474620618,
    0.06229348882410107,
    0.06140589569160999,
    0.060544217687074825,
    0.05962384953981593,
    0.05880574452003024,
    0.05793054063730756,
    0.05707482993197279,
    0.05630061548428896,
    0.05553494124922697,
    0.054776693286010064,
    0.0540249433106576,
    0.05333333333333334,
    0.05269492412349556,
    0.052053413958175865,
    0.05145772594752186,
    0.0509031198686371,
    0.050340136054421766,
    0.049813473776607414,
    0.049277210884353745,
    0.048732220160791595,
    0.048179271708683476,
    0.04765792031098154,
    0.047127739984882844,
    0.046589446589446595,
    0.04607948442534909,
    0.04552590266875982,
    0.04496598639455783
  ],
  "activity_mean": 0.06787603930461072,
  "passive_mean": 0.03831468071099408,
  "full_mean": 0.04496598639455783,
  "top10_names": [
    "computer",
    "guitar",
    "construction",
    "boxing",
    "drums",
    "running",
    "husky",
    "crowd",
    "pizza",
    "skiing"
  ],
  "top10_r1": 0.06965986394557823
}