{
  "feature": "de",
  "chunks": 1,
  "epochs": 150,
  "temperature": 0.07,
  "per_subject": {
    "concept_r1": [
      0.09928571326392037,
      0.029999999861632074,
      0.039285714605024884,
      0.03000000012772424,
      0.04642857212041106,
      0.03142857165741069,
      0.03999999963811466,
      0.03285714225577457,
      0.03714285711092608,
      0.04714285755263908,
      0.04142857090170894,
      0.12928571552038193,
      0.03642857127955982,
      0.02071428551737751,
      0.040000000303345065,
      0.02214285664792572,
      0.03642857114651373,
      0.03857142850756645,
      0.035000000415103774,
      0.03214285708963871,
      0.02928571416331189
    ],
    "concept_r5": [
      0.2792857119015285,
      0.1414285727909633,
      0.17214285688740866,
      0.14928571666990006,
      0.18642856819289072,
      0.1585714274219104,
      0.19785714788096292,
      0.1585714327437537,
      0.1650000022990363,
      0.18499999706234252,
      0.16714285739830562,
      0.322857141494751,
      0.16000000068119594,
      0.1328571406858308,
      0.157857141324452,
      0.14714285837752478,
      0.18428571735109603,
      0.15642857445137842,
      0.1514285738979067,
      0.15642857338700975,
      0.14785714341061457
    ],
    "concept_r10": [
      0.43857142329216003,
      0.27428571028368814,
      0.3021428627627237,
      0.29428571249757496,
      0.342142858675548,
      0.30357142857142855,
      0.35428571701049805,
      0.2828571455819266,
      0.3092857130936214,
      0.3414285693849836,
      0.32142857568604605,
      0.4692857137748173,
      0.3121428574834551,
      0.26357142840112957,
      0.28214286054883686,
      0.27785714183534893,
      0.3307142811162131,
      0.3050000028950827,
      0.2992857098579407,
      0.3142857125827244,
      0.2821428541626249
    ],
    "clip_r1": [
      0.10142857155629567,
      0.027857142899717604,
      0.03999999990420682,
      0.03214285722268479,
      0.048571428284049034,
      0.03642857074737549,
      0.03571428531514747,
      0.028571428331945623,
      0.03428571418459926,
      0.049999999946781566,
      0.03714285724397216,
      0.13357142891202653,
      0.03500000014901161,
      0.020714285650423596,
      0.039285714871117046,
      0.027857142633625438,
      0.04214285739830562,
      0.034285715115921836,
      0.03357142875237124,
      0.029285714030265808,
      0.02857142806585346
    ],
    "clip_r5": [
      0.1707142868212291,
      0.08285714260169438,
      0.10500000097921916,
      0.08571428539497512,
      0.11928571441343852,
      0.09142857204590525,
      0.10785714324031558,
      0.08571428592715945,
      0.08357142816696848,
      0.11642857055578913,
      0.09499999987227577,
      0.2299999977861132,
      0.07571428482021604,
      0.07000000029802322,
      0.09142857044935226,
      0.08642857149243355,
      0.10285714162247521,
      0.08500000036188535,
      0.09071428541626249,
      0.08214285863297326,
      0.08285714419824737
    ],
    "clip_r10": [
      0.2535714315516608,
      0.14285714285714285,
      0.1692857156906809,
      0.1428571417927742,
      0.19285714307001658,
      0.15142857070480073,
      0.18357142806053162,
      0.15642857551574707,
      0.15285714183534896,
      0.17285714192049845,
      0.1599999996168273,
      0.302142858505249,
      0.1407142866935049,
      0.12642857432365417,
      0.14214285675968444,
      0.14571428511823928,
      0.1742857141154153,
      0.14428571611642838,
      0.14642857334443501,
      0.1399999995316778,
      0.1371428593993187
    ]
  },
  "mean_concept_r1": 0.04261904760409578,
  "mean_concept_r5": 0.17513605506241728,
  "mean_concept_r10": 0.3190816323570654,
  "mean_clip_r1": 0.04268707481979513,
  "mean_clip_r5": 0.10193877548080724,
  "mean_clip_r10": 0.1656122455487446,
  "std_concept_r1": 0.02458235546182232,
  "std_concept_r5": 0.04425422282592988,
  "std_concept_r10": 0.04975115032416206,
  "std_clip_r1": 0.025664071207524203,
  "std_clip_r5": 0.03538909254396998,
  "std_clip_r10": 0.040526351145858314
}