{
  "per_subject_r1": [
    0.044285714360220094,
    0.03499999988291945,
    0.03571428584733179,
    0.03499999961682728,
    0.052142857174788206,
    0.03285714278795889,
    0.048571428550141196,
    0.03857142770928996,
    0.039285714871117046,
    0.051428571343421936,
    0.04499999965940203,
    0.04214285739830562,
    0.04357142932713032,
    0.0478571421865906,
    0.03571428571428571,
    0.04999999914850507,
    0.042857142963579724,
    0.03928571433893272,
    0.03642857154565198,
    0.04285714376185622,
    0.03214285735573087
  ],
  "mean_r1": 0.04146258502590413,
  "std_r1": 0.006018582230615782
}