{
  "within_mean": 0.3286711871623993,
  "within_std": 0.34185591340065,
  "between_mean": 0.30753713846206665,
  "between_std": 0.3445480763912201,
  "t": 2.9675130867064152,
  "p_val": 0.007612006236458052,
  "n_subjects": 21
}