{
  "feature": "raw",
  "chunks": 1,
  "epochs": 100,
  "temperature": 0.07,
  "per_subject": {
    "concept_r1": [
      0.042857142963579724,
      0.018571428156324794,
      0.03214285708963871,
      0.027142856802259172,
      0.03428571418459926,
      0.027857142633625438,
      0.027857143032763685,
      0.02571428580475705,
      0.027142856802259172,
      0.024285714142024517,
      0.021428571215697696,
      0.10571428494794029,
      0.0349999994837812,
      0.027142856935305253,
      0.027857142633625438,
      0.024285714142024517,
      0.01857142842241696,
      0.0221428567809718,
      0.02214285664792572,
      0.02071428525128535,
      0.027142856935305253
    ],
    "concept_r5": [
      0.15071428567171097,
      0.11499999995742526,
      0.14857142631496703,
      0.1264285711305482,
      0.1642857172659465,
      0.13285714175019944,
      0.12500000212873733,
      0.11999999838215965,
      0.13357142891202653,
      0.1171428571854319,
      0.13499999791383743,
      0.2564285674265453,
      0.15000000383172715,
      0.14357143001896994,
      0.13285714281456812,
      0.1285714294229235,
      0.12214285773890358,
      0.13071428345782415,
      0.11357142776250839,
      0.12571428503308976,
      0.1278571422610964
    ],
    "concept_r10": [
      0.2885714279753821,
      0.242857141154153,
      0.28785714294229237,
      0.2549999952316284,
      0.2864285686186382,
      0.2599999989782061,
      0.26428571556295666,
      0.2599999989782061,
      0.2771428568022592,
      0.2535714272941862,
      0.2492857085806983,
      0.4035714268684387,
      0.2900000044277736,
      0.26928571292332243,
      0.2528571443898337,
      0.2528571401323591,
      0.26142856904438566,
      0.2514285721949169,
      0.25714284820216043,
      0.23357142508029938,
      0.2535714272941862
    ],
    "clip_r1": [
      0.03642857101346765,
      0.01714285689273051,
      0.03214285708963871,
      0.027857143032763685,
      0.029285713897219727,
      0.030714285426906178,
      0.022142857047063962,
      0.02428571387593235,
      0.027857142633625438,
      0.025714285405618802,
      0.02571428580475705,
      0.09714285710028239,
      0.03357142848627908,
      0.02571428580475705,
      0.029285713764173642,
      0.02499999970729862,
      0.024285714142024517,
      0.024999999574252536,
      0.02357142831065825,
      0.02214285664792572,
      0.02857142873108387
    ],
    "clip_r5": [
      0.08071428537368774,
      0.05999999972326415,
      0.07285714415567261,
      0.08071428537368774,
      0.08357142976352147,
      0.07285714309130396,
      0.07428571448794433,
      0.05928571469017437,
      0.07357142865657806,
      0.059285713891897886,
      0.06857142863529068,
      0.16142856861863816,
      0.09214285761117935,
      0.07357142865657806,
      0.08214285703642028,
      0.07642857038549014,
      0.0699999997658389,
      0.08000000034059797,
      0.06714285537600517,
      0.07214285805821419,
      0.07642857198204313
    ],
    "clip_r10": [
      0.1435714289546013,
      0.12785714332546508,
      0.13142857168401992,
      0.12571428503308976,
      0.14642857228006637,
      0.12714285722800664,
      0.12142857164144516,
      0.1171428571854319,
      0.12785714438983373,
      0.10642857104539871,
      0.125,
      0.22785714055810655,
      0.1528571428997176,
      0.14142857172659465,
      0.14500000327825546,
      0.13500000004257476,
      0.12071428660835538,
      0.12357142780508314,
      0.10999999940395355,
      0.1278571422610964,
      0.12500000106436865
    ]
  },
  "mean_concept_r1": 0.03047619023848148,
  "mean_concept_r5": 0.13809523792291173,
  "mean_concept_r10": 0.2690816310798229,
  "mean_clip_r1": 0.030170067828021896,
  "mean_clip_r5": 0.07795918360352518,
  "mean_clip_r10": 0.13377551040073637,
  "std_concept_r1": 0.0177491062045037,
  "std_concept_r5": 0.02934276234868379,
  "std_concept_r10": 0.03371487915318986,
  "std_clip_r1": 0.015552514233806462,
  "std_clip_r5": 0.020316118466935047,
  "std_clip_r10": 0.02395243763404346
}