{
  "noise_ceiling": 0.5893949154816956,
  "nc_std": 0.03271638023936583,
  "rho_single_sub": 0.10644330149745765,
  "rho_group_avg": 0.10644330149745765,
  "fraction_single": 0.18059759034477685,
  "fraction_group": 0.18059759034477685,
  "per_subject_rsa": [
    0.09094275540191456,
    -0.018832993915865008,
    0.06731883777489973,
    -0.02329321669828058,
    -0.037437041034914006,
    0.10629067029958031,
    0.016950542475377826,
    0.03307857238441666,
    -0.04696801139125451,
    0.05856798242993228,
    0.07084631434806489,
    0.18594719656956496,
    -0.014864582771054192,
    0.04632356855577242,
    0.05638026859369042,
    0.08120827678173759,
    -0.01839205934421936,
    0.03920077932149659,
    0.06842117420401383,
    0.04932531544736009,
    0.01588212409023645
  ],
  "split_rhos_corrected": [
    0.5888604972692357,
    0.5363153794362299,
    0.5636217002081856,
    0.6510226631873914,
    0.6102834380187977,
    0.5579009587826514,
    0.6181842471302897,
    0.5492641748020318,
    0.5813046744878836,
    0.6336590223518014,
    0.6108709450584084,
    0.6164952305898423,
    0.5646932654710076,
    0.5952593495055435,
    0.6192116281105455,
    0.5922213140236254,
    0.5923384979768614,
    0.6146950633043465,
    0.6288664955283798,
    0.6065340327736364,
    0.47506582377275486,
    0.6137119002824428,
    0.5578616217340596,
    0.548919546710724,
    0.5610698866501371,
    0.6283049628622653,
    0.5709316371288587,
    0.5499277107744552,
    0.5699963286170182,
    0.6018064572881417,
    0.6145365297211588,
    0.5699608289908681,
    0.575365926775684,
    0.6218653929047453,
    0.550509224913718,
    0.5789335872746,
    0.5424681727374501,
    0.5733816444500177,
    0.5653674355576076,
    0.643410642633551,
    0.6023367408779624,
    0.6279637857617406,
    0.6233641347962866,
    0.617863809347794,
    0.5991341050388658,
    0.598336765368788,
    0.5729961945600524,
    0.6020625073439032,
    0.5921300238022125,
    0.588559867390224
  ],
  "n_subjects": 21
}