{
  "cat_r1_mean": 0.15523809523809526,
  "cat_r1_std": 0.03407983348272935,
  "conc_r1_mean": 0.04496598633981887,
  "conc_r1_std": 0.026996990743006564,
  "intra_r1_mean": 0.24,
  "intra_r1_std": 0.03628791037331054,
  "intra_chance_mean": 0.2,
  "cat_lift": 1.241904761904762,
  "conc_lift": 1.7986394535927546,
  "intra_lift": 1.2,
  "p_cat": 0.0007581711518736835,
  "p_conc": 0.0035159178691462523,
  "p_intra": 8.081522693568019e-05,
  "per_cat_intra_mean": {
    "0": 0.11181199752628321,
    "1": 0.21469387755102043,
    "2": 0.2345578231292517,
    "3": 0.314625850340136,
    "4": 0.37596371882086166,
    "5": 0.22829931972789116,
    "6": 0.3003401360544218,
    "7": 0.4648526077097506
  },
  "per_cat_intra_std": {
    "0": 0.03397467834886794,
    "1": 0.05133995172171209,
    "2": 0.0334350800327546,
    "3": 0.0816638262474703,
    "4": 0.06884168509005743,
    "5": 0.04095938647788931,
    "6": 0.06236652182142271,
    "7": 0.10509610875440827
  },
  "cat_per_sub": [
    0.2357142857142857,
    0.13142857142857142,
    0.15357142857142858,
    0.13142857142857142,
    0.14214285714285715,
    0.13357142857142856,
    0.1742857142857143,
    0.13,
    0.14785714285714285,
    0.17642857142857143,
    0.17142857142857143,
    0.2557142857142857,
    0.15571428571428572,
    0.12285714285714286,
    0.13,
    0.135,
    0.14142857142857143,
    0.18071428571428572,
    0.1492857142857143,
    0.12357142857142857,
    0.13785714285714284
  ],
  "conc_per_sub": [
    0.09928571432828903,
    0.02857142873108387,
    0.037142857909202576,
    0.03857142850756645,
    0.040714286267757416,
    0.030714286491274834,
    0.05000000074505806,
    0.029285714030265808,
    0.02857142873108387,
    0.04500000178813934,
    0.04714285582304001,
    0.14642857015132904,
    0.0357142873108387,
    0.03285714238882065,
    0.029999999329447746,
    0.027857143431901932,
    0.04214285686612129,
    0.037857141345739365,
    0.03999999910593033,
    0.037857141345739365,
    0.03857142850756645
  ],
  "intra_per_sub": [
    0.31857142857142856,
    0.215,
    0.2342857142857143,
    0.22642857142857142,
    0.245,
    0.21071428571428572,
    0.25357142857142856,
    0.23,
    0.22285714285714286,
    0.2357142857142857,
    0.24142857142857144,
    0.36214285714285716,
    0.2257142857142857,
    0.22285714285714286,
    0.20642857142857143,
    0.20285714285714285,
    0.24714285714285714,
    0.22142857142857142,
    0.22857142857142856,
    0.26285714285714284,
    0.22642857142857142
  ],
  "n_subjects": 21,
  "n_categories": 8,
  "n_concepts": 40
}