{
  "queries": {
    "animals": "wild animals and creatures in nature",
    "nature": "outdoor landscapes and natural scenery",
    "food": "food, drinks, and things to eat",
    "sports": "athletic sports and physical exercise",
    "music": "music performance and musical instruments",
    "vehicles": "vehicles and modes of transportation",
    "urban": "city streets and urban environments"
  },
  "precision": {
    "animals": {
      "mean_p5": 0.2666666666666667,
      "std_p5": 0.1425393290199597,
      "chance": 0.275,
      "lift": 0.9696969696969698,
      "t": -0.2614562582918976,
      "p": 0.7964142808709042,
      "sig": "n.s.",
      "per_subject": [
        0.0,
        0.4,
        0.4,
        0.4,
        0.4,
        0.2,
        0.2,
        0.2,
        0.2,
        0.4,
        0.4,
        0.4,
        0.2,
        0.2,
        0.2,
        0.0,
        0.2,
        0.4,
        0.4,
        0.4,
        0.0
      ]
    },
    "nature": {
      "mean_p5": 0.13333333333333336,
      "std_p5": 0.17817416127494962,
      "chance": 0.125,
      "lift": 1.0666666666666669,
      "t": 0.20916500663351953,
      "p": 0.8364351701647762,
      "sig": "n.s.",
      "per_subject": [
        0.6,
        0.0,
        0.0,
        0.4,
        0.2,
        0.0,
        0.2,
        0.2,
        0.2,
        0.0,
        0.0,
        0.0,
        0.2,
        0.4,
        0.0,
        0.0,
        0.0,
        0.0,
        0.0,
        0.4,
        0.0
      ]
    },
    "food": {
      "mean_p5": 0.18095238095238098,
      "std_p5": 0.13669238185149832,
      "chance": 0.125,
      "lift": 1.4476190476190478,
      "t": 1.8305822989961582,
      "p": 0.08210600943202442,
      "sig": "n.s.",
      "per_subject": [
        0.2,
        0.4,
        0.2,
        0.0,
        0.0,
        0.2,
        0.4,
        0.0,
        0.2,
        0.4,
        0.2,
        0.4,
        0.2,
        0.2,
        0.2,
        0.2,
        0.0,
        0.2,
        0.0,
        0.0,
        0.2
      ]
    },
    "sports": {
      "mean_p5": 0.1142857142857143,
      "std_p5": 0.1319657758147716,
      "chance": 0.1,
      "lift": 1.1428571428571428,
      "t": 0.4841229182759273,
      "p": 0.6335575603176461,
      "sig": "n.s.",
      "per_subject": [
        0.0,
        0.2,
        0.2,
        0.0,
        0.0,
        0.0,
        0.2,
        0.0,
        0.0,
        0.4,
        0.0,
        0.0,
        0.4,
        0.0,
        0.2,
        0.0,
        0.2,
        0.2,
        0.2,
        0.2,
        0.0
      ]
    },
    "music": {
      "mean_p5": 0.05714285714285715,
      "std_p5": 0.10942024088643865,
      "chance": 0.075,
      "lift": 0.761904761904762,
      "t": -0.7298427601514275,
      "p": 0.4739486719638971,
      "sig": "n.s.",
      "per_subject": [
        0.0,
        0.0,
        0.2,
        0.0,
        0.0,
        0.0,
        0.0,
        0.0,
        0.0,
        0.0,
        0.0,
        0.4,
        0.2,
        0.2,
        0.0,
        0.2,
        0.0,
        0.0,
        0.0,
        0.0,
        0.0
      ]
    },
    "vehicles": {
      "mean_p5": 0.19047619047619047,
      "std_p5": 0.15707069049972042,
      "chance": 0.125,
      "lift": 1.5238095238095237,
      "t": 1.864246121879076,
      "p": 0.07703320709204312,
      "sig": "n.s.",
      "per_subject": [
        0.4,
        0.2,
        0.4,
        0.2,
        0.2,
        0.2,
        0.2,
        0.2,
        0.0,
        0.0,
        0.0,
        0.2,
        0.2,
        0.2,
        0.0,
        0.4,
        0.2,
        0.0,
        0.0,
        0.2,
        0.6
      ]
    },
    "urban": {
      "mean_p5": 0.12380952380952384,
      "std_p5": 0.11507662831994832,
      "chance": 0.1,
      "lift": 1.2380952380952384,
      "t": 0.9252915127470075,
      "p": 0.3658451438054122,
      "sig": "n.s.",
      "per_subject": [
        0.2,
        0.2,
        0.2,
        0.0,
        0.2,
        0.2,
        0.0,
        0.4,
        0.0,
        0.2,
        0.2,
        0.2,
        0.0,
        0.0,
        0.0,
        0.2,
        0.0,
        0.0,
        0.2,
        0.0,
        0.2
      ]
    }
  },
  "mean_lift": 1.164378478664193,
  "n_subjects": 21,
  "note": "Open-vocabulary text queries encoded with CLIP ViT-B/32. Query text was NEVER seen during EEG encoder training. Averaged across all subjects (fold 0, session 0 held-out)."
}