{
  "feature": "raw",
  "chunks": 4,
  "epochs": 100,
  "temperature": 0.07,
  "per_subject": {
    "concept_r1": [
      0.03642857127955982,
      0.022857143011476313,
      0.030714285826044425,
      0.02499999970729862,
      0.03571428584733179,
      0.019285714253783226,
      0.027142856802259172,
      0.03928571367370231,
      0.040714286001665254,
      0.021428571215697696,
      0.027857142500579357,
      0.0807142864380564,
      0.03071428569299834,
      0.030714285160814012,
      0.024285714142024517,
      0.016428571194410324,
      0.027857142766671523,
      0.02357142831065825,
      0.022857142612338066,
      0.026428571370031153,
      0.027142856802259172
    ],
    "concept_r5": [
      0.15071428673607962,
      0.11642857321671077,
      0.14214285675968444,
      0.1264285711305482,
      0.15714285735573089,
      0.12428571496691022,
      0.13214285671710968,
      0.13928571662732533,
      0.14857142950807298,
      0.1264285711305482,
      0.13142857274838857,
      0.24428571122033255,
      0.1535714300615447,
      0.13214285778147833,
      0.1335714299763952,
      0.10285714268684387,
      0.13285714175019944,
      0.10357142771993365,
      0.11714285612106323,
      0.14071428775787354,
      0.14642857228006637
    ],
    "concept_r10": [
      0.3128571425165449,
      0.2328571421759469,
      0.28071428196770803,
      0.25214285935674396,
      0.2714285744088037,
      0.24428571334906987,
      0.25571428665093016,
      0.2764285696404321,
      0.27857143112591337,
      0.25428571019853863,
      0.254285712327276,
      0.38785714336803984,
      0.29857142908232553,
      0.2535714251654489,
      0.24857142780508315,
      0.23571428230830602,
      0.24857142780508315,
      0.2299999956573759,
      0.23357142508029938,
      0.24999999574252538,
      0.268571423632758
    ],
    "clip_r1": [
      0.03499999974987337,
      0.02500000023948295,
      0.023571428576750413,
      0.028571428464991704,
      0.04357142959322248,
      0.02428571387593235,
      0.024999999973390783,
      0.03500000001596553,
      0.029999999994678155,
      0.02571428527257272,
      0.03285714292100498,
      0.08785714315516609,
      0.03071428569299834,
      0.03642857127955982,
      0.027857142766671523,
      0.016428571061364243,
      0.030714285826044425,
      0.02071428551737751,
      0.024285714142024517,
      0.023571428443704332,
      0.022857142479291985
    ],
    "clip_r5": [
      0.09000000144754138,
      0.06071428608681474,
      0.07142857196075576,
      0.07857142761349678,
      0.09642857100282397,
      0.07714285674904074,
      0.08071428430931908,
      0.08500000036188535,
      0.08357142869915281,
      0.06857142757092204,
      0.0692857142005648,
      0.15428571615900313,
      0.08857143031699317,
      0.07214285805821419,
      0.056428570832524984,
      0.0685714278370142,
      0.08857143031699317,
      0.06499999974455152,
      0.06285714411309787,
      0.0728571420269353,
      0.0764285714498588
    ],
    "clip_r10": [
      0.1407142866935049,
      0.10000000042574746,
      0.12571428503308976,
      0.12928571552038193,
      0.15571428622518266,
      0.14214285675968444,
      0.14428571505205973,
      0.1435714289546013,
      0.15571428835391998,
      0.11571428499051503,
      0.11571428392614637,
      0.21571428860936845,
      0.14285714285714285,
      0.10714285501411983,
      0.1114285694701331,
      0.12928571552038193,
      0.13142857061965124,
      0.11285714485815593,
      0.1049999977861132,
      0.12928571552038193,
      0.14214285675968444
    ]
  },
  "mean_concept_r1": 0.030340135933793325,
  "mean_concept_r5": 0.13819727925013522,
  "mean_concept_r10": 0.26517006663643583,
  "mean_clip_r1": 0.03095238090676515,
  "mean_clip_r5": 0.07938775527892875,
  "mean_clip_r10": 0.1331292518547603,
  "std_concept_r1": 0.012831832874658979,
  "std_concept_r5": 0.02778301540014875,
  "std_concept_r10": 0.03452784816125953,
  "std_clip_r1": 0.014070372592536247,
  "std_clip_r5": 0.019636252544598127,
  "std_clip_r10": 0.02443976461274608
}