{
  "neural_typicality": {
    "sub1": 0.11878744110739814,
    "sub10": -0.003484537691522209,
    "sub11": 0.02024585841361918,
    "sub12": 0.02182833646048258,
    "sub13": 0.210370806749699,
    "sub14": -0.025473684771706834,
    "sub15": 0.013948766862212383,
    "sub16": 0.27287993314663234,
    "sub17": 0.23970411055777135,
    "sub18": 0.1474618617545811,
    "sub19": 0.28492263805883655,
    "sub1_session2": 0.19313494419363947,
    "sub2": 0.11768251912032719,
    "sub20": 0.17561356431554895,
    "sub3": 0.02666518507020203,
    "sub4": 0.002253261948637119,
    "sub5": 0.2524363604113272,
    "sub6": 0.29169217076738746,
    "sub7": 0.24025750621571204,
    "sub8": 0.2489915006231981,
    "sub9": 0.15912515091748586
  },
  "typicality_vs_crosssub_r": 0.18401797202132628,
  "typicality_vs_crosssub_p": 0.4245839049934049,
  "typicality_vs_within_r": 0.11619935493379621,
  "typicality_vs_within_p": 0.6159552876422332
}