{
  "delta": {
    "mean_r1": 0.04455782310897801,
    "std_r1": 0.02945362215539567,
    "mean_drop": 0.0004081632688540177,
    "std_drop": 0.005460216623509449,
    "t": 0.3343020535655958,
    "p": 0.7416318379567688,
    "per_subject": [
      0.10928571437086378,
      0.027142857068351338,
      0.03357142861932516,
      0.03571428598037788,
      0.03857142850756645,
      0.02928571416331189,
      0.0471428566213165,
      0.033571428353233,
      0.027142856802259172,
      0.05928571415799005,
      0.047142856887408664,
      0.1500000006386212,
      0.029285714030265808,
      0.029285714296357974,
      0.03214285655745438,
      0.02714285720139742,
      0.04285714402794838,
      0.03000000012772424,
      0.04071428546948092,
      0.03928571433893272,
      0.027142857068351338
    ]
  },
  "theta": {
    "mean_r1": 0.039251700404803365,
    "std_r1": 0.025777017129740634,
    "mean_drop": 0.005714285973028667,
    "std_drop": 0.004773794942946336,
    "t": 5.353196788414825,
    "p": 3.068497078266472e-05,
    "per_subject": [
      0.09285714264426913,
      0.026428571103938987,
      0.03142857152436461,
      0.024999999973390783,
      0.03285714238882065,
      0.030714285959090506,
      0.042142857132213454,
      0.027857142500579357,
      0.022857142878430232,
      0.03714285684483392,
      0.05285714300615447,
      0.13357142678328923,
      0.029999999595539912,
      0.029999999595539912,
      0.02571428527257272,
      0.024285714008978436,
      0.04142857130084719,
      0.027857142633625438,
      0.03142857112522636,
      0.03428571405155318,
      0.02357142817761217
    ]
  },
  "alpha": {
    "mean_r1": 0.043503401313154465,
    "std_r1": 0.02554546294398303,
    "mean_drop": 0.0014625850646775606,
    "std_drop": 0.0055742893680792984,
    "t": 1.1734014549810963,
    "p": 0.2544202246859833,
    "per_subject": [
      0.10428571381739207,
      0.029999999994678155,
      0.03142857125827244,
      0.03928571433893272,
      0.049285714115415304,
      0.03428571445069143,
      0.0400000000372529,
      0.03285714238882065,
      0.0342857139185071,
      0.04000000096857548,
      0.035000000548149855,
      0.13499999897820608,
      0.03142857139131853,
      0.03214285735573087,
      0.030714285426906178,
      0.03071428555995226,
      0.040000000436391146,
      0.03571428571428571,
      0.03285714238882065,
      0.03928571433893272,
      0.03500000014901161
    ]
  },
  "beta": {
    "mean_r1": 0.04163265290359656,
    "std_r1": 0.025326960831374264,
    "mean_drop": 0.0033333334742354703,
    "std_drop": 0.005085915529222747,
    "t": 2.931059392252683,
    "p": 0.008260173511032514,
    "per_subject": [
      0.08928571428571429,
      0.016428571327456405,
      0.03071428569299834,
      0.040714286001665254,
      0.03214285735573087,
      0.03499999961682728,
      0.04785714192049844,
      0.03285714265491281,
      0.03500000014901161,
      0.04357142839580774,
      0.0407142849372966,
      0.13785714230367116,
      0.03285714265491281,
      0.027857143165809766,
      0.03071428569299834,
      0.02714285666921309,
      0.03071428555995226,
      0.03142857112522636,
      0.039285714205886633,
      0.03571428571428571,
      0.03642857154565198
    ]
  },
  "gamma": {
    "mean_r1": 0.03846938769985623,
    "std_r1": 0.015506175536832319,
    "mean_drop": 0.006496598677975789,
    "std_drop": 0.012832374001966206,
    "t": 2.2640917829021032,
    "p": 0.03483909363625498,
    "per_subject": [
      0.07571428535240037,
      0.03142857152436461,
      0.03571428598037788,
      0.035714286246470044,
      0.029999999595539912,
      0.03571428571428571,
      0.04357142839580774,
      0.03071428555995226,
      0.02214285691401788,
      0.030714285293860093,
      0.040000000436391146,
      0.08999999931880406,
      0.03000000026077032,
      0.03357142822018692,
      0.02571428527257272,
      0.025714285405618802,
      0.0378571425431541,
      0.039285714605024884,
      0.03642857167869806,
      0.03571428598037788,
      0.04214285739830562
    ]
  },
  "full": {
    "mean_r1": 0.04496598637783203,
    "std_r1": 0.026996991156250653,
    "per_subject": [
      0.09928571432828903,
      0.028571428198899542,
      0.03714285684483392,
      0.03857142903975078,
      0.04071428507034268,
      0.030714285959090506,
      0.049999999946781566,
      0.029285714296357974,
      0.028571428464991704,
      0.045000000191586356,
      0.047142857153500826,
      0.14642857228006637,
      0.03571428544819355,
      0.03285714265491281,
      0.029999999728585993,
      0.027857142633625438,
      0.042142857132213454,
      0.03785714280924627,
      0.040000000170298984,
      0.03785714307533843,
      0.03857142850756645
    ]
  }
}